ID,timestamp,age,sex,relation_status,occupation,affiliations,sm_user,platforms,time_spent,ADHD1,ADHD2,ADHD3,ADHD4
1,2022-04-18 19:18:00,21,Male,Relationship,University Student,University,Yes,"Facebook, Twitter, Instagram, YouTube, Discord, Reddit",2-3 hours,5,3,5,5
2,2022-04-18 19:19:00,21,Female,Single,University Student,University,Yes,"Facebook, Twitter, Instagram, YouTube, Discord, Reddit",5+ hours,4,3,4,4
3,2022-04-18 19:25:00,21,Female,Single,University Student,University,Yes,"Facebook, Instagram, YouTube, Pinterest",3-4 hours,3,2,2,4
4,2022-04-18 19:29:00,21,Female,Single,University Student,University,Yes,"Facebook, Instagram",5+ hours,4,2,3,3
5,2022-04-18 19:33:00,21,Female,Single,University Student,University,Yes,"Facebook, Instagram, YouTube",2-3 hours,3,5,4,5
6,2022-04-18 19:33:00,22,Female,Single,University Student,University,Yes,"Facebook, Twitter, Instagram, YouTube, Discord, Pinterest, TikTok",2-3 hours,4,4,3,3
7,2022-04-18 19:36:00,21,Female,Married,University Student,University,Yes,"Facebook, Instagram, YouTube, Snapchat, TikTok",3-4 hours,4,3,2,3
8,2022-04-18 19:36:00,21,Female,Relationship,University Student,University,Yes,"Facebook, Instagram, YouTube",5+ hours,5,2,3,1
9,2022-04-18 19:39:00,21,Female,Relationship,University Student,University,Yes,"Facebook, Instagram, YouTube",5+ hours,5,2,3,1
10,2022-04-18 19:41:00,20,Male,Single,University Student,University,No,"Reddit, Pinterest",0-1 hour,1,1,1,1
11,2022-04-18 19:44:00,24,Male,Single,University Student,University,Yes,"Facebook, Instagram, YouTube, Discord",2-3 hours,5,5,4,5
12,2022-04-18 19:44:00,21,Female,Single,University Student,University,Yes,"Facebook, Instagram, YouTube, Snapchat, Discord, Reddit, Pinterest, TikTok",3-4 hours,4,4,5,4
13,2022-04-18 19:56:00,22,Female,Single,University Student,University,Yes,"Facebook, Twitter, Instagram, YouTube, Snapchat, Discord, Reddit, Pinterest",3-4 hours,3,4,4,2
14,2022-04-18 19:57:00,21,Female,Single,University Student,University,Yes,"Facebook, Twitter, Instagram, YouTube, Snapchat, Reddit, Pinterest",3-4 hours,5,3,1,4
15,2022-04-18 19:59:00,22,Male,Single,University Student,University,Yes,"Facebook, YouTube, Pinterest",5+ hours,5,5,5,5
16,2022-04-18 20:15:00,23,Male,Relationship,University Student,Private,Yes,"Facebook, Instagram, YouTube, Reddit",1-2 hours,3,4,3,4
17,2022-04-18 20:15:00,21,Male,Single,University Student,University,Yes,"Facebook, YouTube, Discord",0-1 hour,2,2,2,2
18,2022-04-18 20:22:00,28,Male,Single,University Student,University,Yes,"Facebook, YouTube, Discord, Reddit",1-2 hours,3,4,4,5
19,2022-04-18 20:28:00,34,Male,Divorced,Salaried Worker,Private,Yes,"Facebook, Twitter, Instagram, YouTube",1-2 hours,2,4,3,1
20,2022-04-18 20:31:00,22,Male,Relationship,University Student,"School, University",Yes,"Facebook, Instagram, YouTube, Discord, Reddit",2-3 hours,4,2,3,2
21,2022-04-18 20:32:00,23,Male,Single,University Student,University,Yes,"Facebook, Twitter, Instagram, YouTube, Discord, Reddit, TikTok",5+ hours,3,2,2,2
22,2022-04-18 20:33:00,26,Female,Single,University Student,University,Yes,"Facebook, Instagram, YouTube, Pinterest",3-4 hours,3,4,3,4
23,2022-04-18 20:35:00,23,Female,Married,University Student,University,Yes,"Facebook, Instagram, YouTube, Snapchat, Pinterest",1-2 hours,3,2,4,3
24,2022-04-18 20:38:00,35,Female,Married,Salaried Worker,"School, University",Yes,"Facebook, YouTube",3-4 hours,4,4,3,3
25,2022-04-18 20:38:00,20,Male,Single,University Student,University,Yes,"Facebook, Instagram, YouTube, Discord",3-4 hours,4,4,3,4
26,2022-04-18 20:40:00,35,Male,Married,Salaried Worker,Company,Yes,"Facebook, Twitter, Instagram, YouTube",2-3 hours,2,4,4,4
27,2022-04-18 20:42:00,22,Female,Relationship,University Student,University,Yes,"Facebook, Instagram, YouTube, Snapchat, Discord, Pinterest, TikTok",4-5 hours,3,4,4,4
28,2022-04-18 20:45:00,21,Female,Single,University Student,University,Yes,"Facebook, Instagram, YouTube, Snapchat, Discord",3-4 hours,4,4,5,4
29,2022-04-18 20:49:00,22,Female,Relationship,University Student,University,Yes,"Facebook, Instagram, YouTube, Discord",3-4 hours,4,4,3,4
30,2022-04-18 20:50:00,35,Male,Married,Salaried Worker,Private,Yes,"Facebook, YouTube, Pinterest",2-3 hours,3,4,3,2
31,2022-04-18 20:52:00,24,Male,Single,Salaried Worker,Private,Yes,"Facebook, Instagram, YouTube, TikTok",2-3 hours,3,3,3,4
32,2022-04-18 20:53:00,18,Female,Single,School Student,"School, Private",Yes,"Facebook, Instagram, YouTube, Discord, Pinterest",2-3 hours,4,3,3,3
33,2022-04-18 20:54:00,19,Female,Single,University Student,University,Yes,"Facebook, Instagram, YouTube, Discord",3-4 hours,5,5,5,5
34,2022-04-18 20:55:00,21,Others,Single,University Student,University,Yes,"Facebook, Twitter, Instagram, YouTube, Discord",5+ hours,3,4,4,5
35,2022-04-18 20:55:00,21,Male,Single,University Student,University,Yes,"Facebook, Instagram",3-4 hours,5,3,3,3
36,2022-04-18 21:02:00,23,Male,Single,University Student,University,Yes,"Facebook, Twitter, Instagram, YouTube, Snapchat, Discord, Reddit",0-1 hour,2,3,1,3
37,2022-04-18 21:22:00,22,Female,Single,University Student,University,Yes,"Facebook, Instagram, YouTube, Snapchat, Pinterest",3-4 hours,4,5,4,4
38,2022-04-18 21:24:00,22,Male,Single,University Student,"University, Company",Yes,"Facebook, YouTube, Discord",2-3 hours,4,4,4,5
39,2022-04-18 21:32:00,21,Female,Single,University Student,University,Yes,"Facebook, Instagram, YouTube, Snapchat",1-2 hours,1,1,1,1
40,2022-04-18 21:42:00,21,Female,Single,University Student,University,Yes,"Facebook, Instagram, YouTube, Snapchat",3-4 hours,3,5,3,3
41,2022-04-18 21:48:00,19,Female,Single,School Student,"School, University",Yes,"Facebook, Instagram, YouTube, Snapchat, Pinterest",5+ hours,3,2,4,4
42,2022-04-18 21:49:00,24,Male,Single,Salaried Worker,Private,Yes,"Twitter, Discord, Reddit",5+ hours,5,1,3,3
43,2022-04-18 21:50:00,22,Female,Relationship,University Student,University,Yes,"Facebook, Instagram, YouTube",5+ hours,4,5,4,2
44,2022-04-18 21:55:00,65,Male,Married,Retired,Goverment,Yes,"Facebook, YouTube",3-4 hours,5,3,2,1
45,2022-04-18 22:04:00,40,Male,Married,Salaried Worker,"Company, Private",Yes,"Twitter, YouTube, Reddit",2-3 hours,3,3,3,3
46,2022-04-18 22:07:00,33,Female,Single,Salaried Worker,School,Yes,"Facebook, YouTube",3-4 hours,3,3,3,1
47,2022-04-18 22:11:00,22,Female,Single,University Student,University,Yes,"Facebook, Twitter, Instagram, YouTube, Snapchat, Discord, Reddit, Pinterest, TikTok",3-4 hours,4,4,4,2
48,2022-04-18 22:20:00,24,Male,Single,Salaried Worker,Company,Yes,"YouTube, Snapchat, Discord",5+ hours,5,5,5,5
49,2022-04-18 22:23:00,26,Male,Single,University Student,University,Yes,Facebook,0-1 hour,3,5,5,5
50,2022-04-18 22:30:00,55,Male,Married,Salaried Worker,Private,Yes,"Discord, Reddit",1-2 hours,3,2,3,1
51,2022-04-18 22:35:00,26,Male,Relationship,Salaried Worker,Company,No,"YouTube, Discord, Reddit",1-2 hours,4,1,2,1
52,2022-04-18 22:39:00,27,Male,Single,University Student,University,Yes,"Facebook, Twitter, Instagram, YouTube, Snapchat, Reddit, TikTok",5+ hours,2,5,4,5
53,2022-04-18 22:42:00,22,Male,Married,University Student,"School, University",Yes,"Facebook, Instagram, YouTube, Snapchat, Discord, Reddit",5+ hours,3,2,2,2
54,2022-04-18 22:43:00,19,Female,Single,School Student,School,Yes,"Facebook, Instagram, YouTube, Discord, Pinterest",2-3 hours,3,2,2,3
55,2022-04-18 22:51:00,22,Female,Married,University Student,University,Yes,"Facebook, Twitter, Instagram, YouTube, Snapchat, Discord, Reddit, Pinterest, TikTok",2-3 hours,4,5,4,4
56,2022-04-18 23:00:00,20,Female,Married,University Student,University,Yes,"Instagram, Reddit",1-2 hours,1,1,2,2
57,2022-04-18 23:05:00,25,Female,Single,University Student,University,Yes,"Facebook, Twitter, Instagram, YouTube, Discord",5+ hours,4,3,4,4
58,2022-04-18 23:11:00,25,Female,Married,University Student,University,Yes,"YouTube, Reddit",1-2 hours,2,2,3,4
59,2022-04-18 23:12:00,18,Female,Single,University Student,University,Yes,"Facebook, Instagram, YouTube, Pinterest",5+ hours,4,4,5,3
60,2022-04-18 23:38:00,24,Male,Relationship,School Student,University,Yes,"YouTube, Discord, Reddit",1-2 hours,3,2,3,2
61,2022-04-18 23:45:00,21,Male,Relationship,University Student,University,Yes,"Facebook, Instagram, Reddit, TikTok",3-4 hours,5,5,5,5
62,2022-04-19 00:10:00,18,Others,Single,School Student,School,Yes,"Twitter, Instagram, YouTube, Reddit, TikTok",2-3 hours,2,1,3,3
63,2022-04-19 00:11:00,14,Male,Single,School Student,School,Yes,Reddit,1-2 hours,4,2,3,3
64,2022-04-19 00:15:00,25,Male,Single,University Student,University,Yes,"YouTube, Snapchat, Discord, Reddit",3-4 hours,4,4,3,2
65,2022-04-19 00:18:00,33,Male,Married,Salaried Worker,Private,Yes,"Instagram, YouTube",3-4 hours,2,4,2,2
66,2022-04-19 00:24:00,23,Male,Single,School Student,"University, Company",Yes,"Instagram, YouTube, Discord, Reddit",2-3 hours,5,5,5,5
67,2022-04-19 00:28:00,14,Female,Single,School Student,School,Yes,"Twitter, Instagram, YouTube, Snapchat, Reddit, Pinterest, TikTok",5+ hours,4,4,2,2
68,2022-04-19 00:32:00,38,Male,Married,Salaried Worker,University,Yes,"Twitter, YouTube, Discord, Reddit",1-2 hours,5,2,3,1
69,2022-04-19 01:41:00,26,Male,Single,Salaried Worker,Company,Yes,Reddit,0-1 hour,2,1,3,1
70,2022-04-19 01:59:00,24,Male,Single,University Student,University,Yes,"Facebook, YouTube, Reddit",2-3 hours,4,5,4,2
71,2022-04-19 02:06:00,21,Female,Single,University Student,University,Yes,"Facebook, Twitter, Instagram, YouTube, Snapchat, Discord, TikTok",3-4 hours,4,3,4,4
72,2022-04-19 02:18:00,18,Female,Single,University Student,"University, Goverment, Private",Yes,"Facebook, YouTube, Reddit",3-4 hours,4,3,3,5
73,2022-04-19 02:27:00,28,Male,Single,University Student,University,Yes,"Facebook, YouTube, Discord, Reddit",3-4 hours,2,5,3,5
74,2022-04-19 03:40:00,21,Male,Single,University Student,University,Yes,"Facebook, Instagram, YouTube, Snapchat, Discord, Reddit, Pinterest",5+ hours,4,4,5,4
75,2022-04-19 04:53:00,21,Male,Single,University Student,University,Yes,"Instagram, YouTube, Snapchat, Discord, Reddit",5+ hours,5,5,5,5
76,2022-04-19 05:20:00,21,Female,Relationship,University Student,"University, Company, Private",Yes,"Facebook, Instagram, YouTube, Pinterest",4-5 hours,3,5,5,5
77,2022-04-19 06:31:00,17,Male,Single,School Student,School,Yes,"Facebook, Twitter, Instagram, YouTube, Reddit",2-3 hours,4,4,4,4
78,2022-04-19 08:27:00,22,Female,Relationship,University Student,University,Yes,"Facebook, YouTube",1-2 hours,3,4,4,3
79,2022-04-19 08:36:00,32,Female,Married,Salaried Worker,Company,Yes,Reddit,1-2 hours,4,3,5,5
80,2022-04-19 08:38:00,22,Male,Single,University Student,University,Yes,"Facebook, YouTube",2-3 hours,5,4,2,3
81,2022-04-19 09:17:00,20,Female,Relationship,University Student,University,Yes,"Facebook, Instagram, YouTube, Snapchat, Pinterest",2-3 hours,4,5,5,5
82,2022-04-19 09:18:00,22,Male,Relationship,University Student,University,Yes,"Facebook, Instagram, YouTube, Snapchat",2-3 hours,3,5,4,4
83,2022-04-19 09:53:00,28,Female,Single,University Student,University,Yes,"Facebook, YouTube",3-4 hours,4,5,5,5
84,2022-04-19 09:57:00,22,Female,Single,University Student,University,Yes,"Facebook, Twitter, Instagram, YouTube, Snapchat",5+ hours,4,3,4,4
85,2022-04-19 10:24:00,17,Others,Single,School Student,School,Yes,"Twitter, Instagram, YouTube, Snapchat, Discord, Reddit, TikTok",4-5 hours,4,4,4,4
86,2022-04-19 10:25:00,30,Female,Single,Salaried Worker,University,Yes,Instagram,4-5 hours,4,5,2,4
87,2022-04-19 10:59:00,22,Male,Single,University Student,University,Yes,"Facebook, Instagram, YouTube, Snapchat, Discord",5+ hours,5,5,3,5
88,2022-04-19 13:52:00,14,Male,Single,School Student,School,Yes,"Instagram, YouTube, Discord",4-5 hours,5,5,4,3
89,2022-04-19 14:21:00,22,Female,Single,School Student,University,Yes,"Facebook, Instagram, YouTube, Pinterest",5+ hours,4,4,4,5
90,2022-04-19 14:45:00,16,Male,Single,School Student,School,Yes,"Facebook, Instagram, YouTube, Snapchat, Discord, TikTok",4-5 hours,4,5,5,4
91,2022-04-19 16:36:00,22,Female,Relationship,University Student,"University, Company",Yes,"Facebook, Twitter, Instagram, YouTube",2-3 hours,3,4,4,3
92,2022-04-19 19:13:00,22,Male,Relationship,University Student,University,Yes,"Facebook, Twitter, Instagram, YouTube, Snapchat, Discord, Reddit, Pinterest",1-2 hours,5,4,4,2
93,2022-04-19 19:30:00,22,Male,Single,University Student,University,Yes,Instagram,3-4 hours,3,4,3,3
94,2022-04-19 19:31:00,22,Male,Single,University Student,University,Yes,"Facebook, Twitter, Instagram, YouTube, Snapchat, Pinterest",1-2 hours,4,3,3,5
95,2022-04-19 19:39:00,21,Female,Single,University Student,University,Yes,"Facebook, Instagram, YouTube, Snapchat, Pinterest",4-5 hours,2,3,3,3
96,2022-04-19 19:40:00,23,Female,Single,University Student,University,Yes,"Facebook, YouTube",4-5 hours,2,3,3,3
97,2022-04-19 20:10:00,23,Female,Single,University Student,University,Yes,"Facebook, Instagram, TikTok",2-3 hours,3,2,4,2
98,2022-04-19 20:13:00,48,Female,Married,Salaried Worker,School,Yes,"Facebook, YouTube",1-2 hours,1,1,1,2
99,2022-04-19 20:20:00,47,Female,Married,Salaried Worker,Goverment,Yes,"Facebook, Instagram, YouTube, Pinterest",2-3 hours,4,3,3,2
100,2022-04-19 20:24:00,48,Male,Married,Salaried Worker,Private,Yes,"Facebook, Instagram, YouTube",2-3 hours,3,3,4,4
101,2022-04-19 20:31:00,26,Female,Single,Salaried Worker,Private,Yes,"Facebook, Instagram, YouTube, Pinterest",5+ hours,4,5,4,3
102,2022-04-19 20:39:00,47,Male,Married,Salaried Worker,Company,Yes,"Facebook, YouTube",2-3 hours,4,3,4,3
103,2022-04-19 20:42:00,47,Male,Married,Salaried Worker,"University, Private",Yes,"Facebook, Instagram, Snapchat",1-2 hours,2,4,3,3
104,2022-04-19 20:45:00,27,Female,Single,Salaried Worker,School,Yes,"Facebook, Instagram, YouTube, Snapchat",5+ hours,2,5,4,2
105,2022-04-19 20:52:00,34,Female,Married,Salaried Worker,School,Yes,Facebook,5+ hours,5,5,5,1
106,2022-04-19 21:02:00,20,Female,Single,University Student,University,Yes,"Facebook, Instagram",2-3 hours,5,5,5,5
107,2022-04-19 21:07:00,22,Female,Single,University Student,University,Yes,Facebook,5+ hours,5,4,4,4
108,2022-04-19 21:10:00,23,Female,Relationship,University Student,University,Yes,"Facebook, Instagram, YouTube, Snapchat, Discord, TikTok",5+ hours,5,5,5,4
109,2022-04-19 21:10:00,20,Male,Single,University Student,University,Yes,"Facebook, Instagram, YouTube",4-5 hours,4,5,4,5
110,2022-04-19 21:12:00,48,Female,Married,Salaried Worker,Private,Yes,"Facebook, Instagram",0-1 hour,2,4,3,1
111,2022-04-19 21:12:00,20,Female,Single,University Student,University,Yes,"Facebook, Instagram, YouTube, TikTok",3-4 hours,4,3,2,2
112,2022-04-19 21:15:00,20,Female,Single,University Student,University,Yes,"Facebook, YouTube, Snapchat, Pinterest",4-5 hours,4,5,5,5
113,2022-04-19 21:15:00,22,Female,Single,University Student,University,Yes,"Facebook, Instagram, YouTube, Snapchat",5+ hours,4,5,5,5
114,2022-04-19 21:26:00,22,Female,Single,University Student,"University, N/A",Yes,Instagram,5+ hours,5,5,3,3
115,2022-04-19 21:27:00,20,Female,Single,University Student,Goverment,Yes,"Facebook, Instagram, YouTube, Snapchat",5+ hours,4,4,5,3
116,2022-04-19 21:32:00,24,Male,Single,University Student,University,Yes,"Facebook, Twitter, Instagram, YouTube, Snapchat, Discord",2-3 hours,1,1,3,4
117,2022-04-19 21:38:00,23,Female,Single,University Student,University,Yes,"Facebook, Instagram, YouTube, Snapchat, Pinterest, TikTok",5+ hours,3,2,3,3
118,2022-04-19 21:48:00,16,Male,Single,School Student,School,Yes,"Instagram, YouTube, Snapchat, Pinterest",2-3 hours,3,1,3,2
119,2022-04-19 21:50:00,50,Female,Single,Salaried Worker,School,Yes,"Facebook, Instagram, YouTube, Discord, Pinterest",2-3 hours,2,1,3,2
120,2022-04-19 21:51:00,47,Male,Married,Salaried Worker,Private,Yes,"Facebook, YouTube",1-2 hours,4,2,3,1
121,2022-04-19 21:55:00,24,Male,Single,Salaried Worker,Private,Yes,"Facebook, Twitter, Instagram, YouTube",2-3 hours,3,3,3,3
122,2022-04-19 21:57:00,38,Female,Married,Salaried Worker,School,Yes,Facebook,0-1 hour,3,2,2,1
123,2022-04-19 22:04:00,50,Male,Divorced,Salaried Worker,Private,No,"Instagram, YouTube",1-2 hours,2,1,2,2
124,2022-04-19 22:09:00,49,Male,Married,Retired,Private,Yes,"Facebook, Twitter, Instagram, YouTube, Pinterest",4-5 hours,5,5,3,3
125,2022-04-19 22:19:00,47,Female,Married,Salaried Worker,Goverment,Yes,"Facebook, YouTube, Pinterest",2-3 hours,3,3,3,2
126,2022-04-19 22:22:00,48,Female,Married,Salaried Worker,"Company, Private",Yes,"Facebook, Twitter, Instagram, YouTube, Pinterest",2-3 hours,3,3,3,1
127,2022-04-19 22:23:00,51,Male,Married,Salaried Worker,Private,Yes,"Facebook, Twitter, Instagram, YouTube, Snapchat, Pinterest",1-2 hours,4,3,3,4
128,2022-04-19 22:31:00,50,Male,Married,Salaried Worker,Company,Yes,"Facebook, Twitter, Instagram, YouTube",3-4 hours,4,3,5,4
129,2022-04-19 22:39:00,47,Female,Married,Salaried Worker,Private,Yes,"Facebook, Twitter, Instagram, YouTube, Pinterest",3-4 hours,3,2,2,2
130,2022-04-19 22:42:00,27,Female,Married,Salaried Worker,Private,Yes,"Facebook, Instagram, YouTube",4-5 hours,4,5,5,5
131,2022-04-19 22:44:00,40,Female,Single,Salaried Worker,Private,Yes,"Facebook, Twitter, Instagram, YouTube",1-2 hours,4,2,2,3
132,2022-04-19 22:45:00,46,Male,Divorced,Salaried Worker,Private,Yes,"Facebook, Twitter, Instagram, YouTube, Snapchat",0-1 hour,3,1,1,1
133,2022-04-19 22:49:00,21,Female,Single,University Student,"University, Private",Yes,"Facebook, Instagram, YouTube, Snapchat, Discord",4-5 hours,4,3,3,2
134,2022-04-19 22:50:00,47,Female,Married,Salaried Worker,Private,Yes,Facebook,1-2 hours,4,4,3,2
135,2022-04-19 23:13:00,20,Female,Relationship,University Student,University,Yes,"Facebook, Twitter, Instagram, YouTube, Snapchat, Discord, Pinterest",5+ hours,4,4,4,4
136,2022-04-19 23:23:00,47,Female,Married,Salaried Worker,University,Yes,"Facebook, Twitter, Instagram, YouTube",1-2 hours,3,4,4,4
137,2022-04-19 23:28:00,48,Male,Married,Salaried Worker,Private,Yes,"Facebook, Instagram, YouTube",3-4 hours,3,3,3,2
138,2022-04-19 23:28:00,49,Male,Married,Salaried Worker,Company,Yes,"Facebook, YouTube",4-5 hours,4,3,2,2
139,2022-04-19 23:38:00,21,Male,Relationship,University Student,"University, Private",Yes,"Facebook, YouTube, Discord",3-4 hours,3,2,1,2
140,2022-04-19 23:43:00,32,Female,Married,Salaried Worker,School,Yes,"Facebook, Instagram, YouTube, Discord, Pinterest",4-5 hours,5,2,3,1
141,2022-04-19 23:51:00,47,Female,Married,Salaried Worker,University,Yes,"Twitter, Instagram, YouTube",2-3 hours,3,1,3,2
142,2022-04-19 23:53:00,50,Male,Married,Salaried Worker,Private,Yes,"Facebook, Twitter, YouTube",1-2 hours,1,1,3,2
143,2022-04-20 00:00:00,48,Male,Divorced,Salaried Worker,Private,Yes,"Facebook, Twitter, Instagram, YouTube",0-1 hour,5,1,2,2
144,2022-04-20 00:07:00,21,Female,Relationship,University Student,"University, Company, Private",Yes,"Facebook, Instagram, YouTube, Pinterest",3-4 hours,2,2,5,5
145,2022-04-20 00:24:00,47,Male,Married,Salaried Worker,Company,Yes,Twitter,0-1 hour,1,1,5,4
146,2022-04-20 00:25:00,36,Female,Married,Salaried Worker,School,Yes,YouTube,2-3 hours,3,2,2,4
147,2022-04-20 00:50:00,37,Female,Married,Retired,Private,Yes,"Facebook, Instagram, YouTube",1-2 hours,3,1,2,3
148,2022-04-20 01:10:00,19,Female,Relationship,School Student,School,Yes,Facebook,4-5 hours,5,4,3,4
149,2022-04-20 01:48:00,30,Male,Relationship,Salaried Worker,Company,Yes,"Facebook, Instagram, YouTube",1-2 hours,4,2,2,1
150,2022-04-20 02:03:00,48,Male,Married,Salaried Worker,Private,Yes,"Facebook, Twitter, Instagram, YouTube, Snapchat, Discord, Reddit, Pinterest, TikTok",0-1 hour,3,1,1,1
151,2022-04-20 03:54:00,48,Male,Married,Salaried Worker,Company,Yes,"Twitter, YouTube",3-4 hours,3,2,3,3
152,2022-04-20 04:20:00,47,Male,Married,Salaried Worker,"University, Company",Yes,"Twitter, Instagram, YouTube, Reddit, TikTok",2-3 hours,3,2,5,5
153,2022-04-20 04:42:00,47,Female,Married,Salaried Worker,Company,Yes,"Facebook, Twitter",0-1 hour,2,2,3,2
154,2022-04-20 06:15:00,21,Male,Single,University Student,"School, University, Private",Yes,"Facebook, Twitter, Instagram, YouTube, Pinterest",2-3 hours,2,4,3,1
155,2022-04-20 06:28:00,48,Male,Married,Salaried Worker,Private,Yes,"Twitter, YouTube",1-2 hours,2,2,2,1
156,2022-04-20 07:20:00,21,Male,Relationship,University Student,University,Yes,"Facebook, Twitter, Instagram, YouTube, Snapchat, Discord",0-1 hour,2,3,4,3
157,2022-04-20 07:35:00,20,Male,Single,University Student,University,Yes,"Twitter, Instagram, YouTube, Snapchat, Discord, Reddit, TikTok",5+ hours,5,5,4,4
158,2022-04-20 08:37:00,20,Female,Single,University Student,University,Yes,"Facebook, YouTube",3-4 hours,4,5,4,5
159,2022-04-20 10:51:00,20,Male,Single,University Student,University,Yes,"Facebook, Instagram, YouTube",1-2 hours,5,5,3,5
160,2022-04-20 11:43:00,20,Female,Relationship,University Student,University,Yes,"Instagram, YouTube, Pinterest",4-5 hours,4,3,5,4
161,2022-04-20 12:16:00,47,Male,Married,Salaried Worker,Company,Yes,"Twitter, Instagram, YouTube, Reddit, TikTok",2-3 hours,4,3,2,3
162,2022-04-20 13:24:00,35,Female,Divorced,Salaried Worker,School,Yes,"Facebook, YouTube",0-1 hour,3,2,1,1
163,2022-04-20 13:24:00,23,Female,Single,University Student,University,Yes,Pinterest,3-4 hours,5,3,4,5
164,2022-04-20 13:43:00,21,Female,Single,University Student,University,Yes,"Facebook, Twitter, Instagram, YouTube, Snapchat, Pinterest",4-5 hours,3,5,5,4
165,2022-04-20 14:41:00,21,Female,Relationship,University Student,University,Yes,"Facebook, Instagram, YouTube, Pinterest",2-3 hours,3,2,2,1
166,2022-04-20 16:11:00,37,Female,Married,Salaried Worker,University,Yes,"Facebook, YouTube",1-2 hours,5,4,3,2
167,2022-04-20 16:37:00,48,Male,Married,Salaried Worker,Company,Yes,"Facebook, Twitter, Instagram, YouTube",1-2 hours,4,2,3,2
168,2022-04-20 16:44:00,47,Male,Married,Salaried Worker,Goverment,Yes,"Facebook, YouTube, TikTok",0-1 hour,3,1,2,2
169,2022-04-20 17:44:00,25,Female,Married,Salaried Worker,Company,Yes,"Facebook, Twitter, Instagram, YouTube, Reddit, Pinterest, TikTok",4-5 hours,3,4,4,4
170,2022-04-20 18:14:00,22,Female,Relationship,University Student,University,Yes,"Facebook, Twitter, Instagram, YouTube, Snapchat, Discord, Pinterest, TikTok",5+ hours,5,5,5,3
171,2022-04-20 19:24:00,45,Male,Married,Salaried Worker,Private,Yes,"Facebook, YouTube",2-3 hours,3,2,3,3
172,2022-04-20 19:28:00,47,Male,Married,Salaried Worker,"Company, Private",Yes,"Instagram, YouTube",1-2 hours,4,3,4,2
173,2022-04-20 21:11:00,47,Female,Single,Salaried Worker,Company,Yes,"Facebook, Twitter, Instagram, YouTube, Pinterest",4-5 hours,4,5,3,1
174,2022-04-20 21:18:00,24,Female,Married,University Student,Private,Yes,"Facebook, Instagram, Pinterest",5+ hours,5,3,3,5
175,2022-04-20 22:01:00,21,Female,Relationship,University Student,University,Yes,Instagram,2-3 hours,5,5,5,5
176,2022-04-20 22:07:00,22,Female,Single,University Student,University,Yes,"Facebook, YouTube, Discord, Reddit, Pinterest",2-3 hours,3,2,2,2
177,2022-04-20 22:17:00,19,Female,Single,School Student,School,Yes,"Facebook, Instagram, YouTube, Snapchat, Discord, Pinterest, TikTok",2-3 hours,3,4,3,3
178,2022-04-20 22:37:00,21,Female,Relationship,University Student,University,Yes,"Facebook, Instagram, YouTube, Snapchat",4-5 hours,3,3,4,4
179,2022-04-20 22:50:00,22,Female,Relationship,University Student,University,Yes,"Facebook, Instagram, YouTube, Snapchat",5+ hours,5,3,3,3
180,2022-04-20 23:07:00,42,Female,Married,Salaried Worker,School,Yes,"Facebook, Instagram, YouTube, Discord, Pinterest",2-3 hours,3,1,1,1
181,2022-04-20 23:15:00,35,Female,Married,Salaried Worker,School,Yes,Facebook,2-3 hours,5,3,2,3
182,2022-04-20 23:32:00,38,Male,Married,Salaried Worker,University,Yes,"Facebook, Twitter, YouTube, Discord, Reddit",4-5 hours,3,3,2,2
183,2022-04-20 23:45:00,17,Male,Single,School Student,School,Yes,"Facebook, Instagram, YouTube",0-1 hour,2,2,2,1
184,2022-04-20 23:51:00,32,Male,Married,Salaried Worker,"Company, Private",Yes,"Facebook, YouTube, Discord, Reddit",1-2 hours,3,1,2,1
185,2022-04-21 00:36:00,21,Female,Single,University Student,University,Yes,"Facebook, Twitter, Instagram, YouTube, Snapchat, Discord",1-2 hours,3,3,5,5
186,2022-04-21 00:49:00,22,Male,Relationship,University Student,"University, Private",Yes,"Facebook, Instagram, YouTube, Snapchat, Discord, Reddit",3-4 hours,4,2,2,3
187,2022-04-21 00:59:00,27,Female,Married,University Student,University,Yes,"Facebook, Instagram, YouTube",5+ hours,5,5,3,3
188,2022-04-21 01:33:00,21,Male,Relationship,University Student,University,Yes,"Facebook, Instagram, YouTube, Discord, Reddit, TikTok",3-4 hours,4,5,5,5
189,2022-04-21 01:39:00,27,Male,Married,Salaried Worker,"University, Company",Yes,"Facebook, Discord, Reddit",5+ hours,5,5,5,5
190,2022-04-21 01:44:00,20,Male,Single,School Student,School,Yes,"Instagram, Discord, Reddit, Pinterest, TikTok",2-3 hours,3,2,2,2
191,2022-04-21 02:29:00,27,Female,Married,Salaried Worker,Private,Yes,"Facebook, Instagram, YouTube",3-4 hours,4,4,5,3
192,2022-04-21 03:27:00,24,Male,Single,University Student,"University, Company",Yes,"Facebook, Instagram, YouTube, Discord",3-4 hours,5,5,5,5
193,2022-04-21 04:54:00,26,Female,Single,Salaried Worker,Private,Yes,"Facebook, Instagram, YouTube, Snapchat, Pinterest",2-3 hours,3,2,1,1
194,2022-04-21 07:09:00,20,Female,Single,University Student,University,Yes,"Twitter, Instagram, YouTube, Snapchat, Discord, Reddit, Pinterest, TikTok",3-4 hours,2,1,2,3
195,2022-04-21 10:12:00,31,Male,Single,Salaried Worker,School,Yes,"Facebook, Instagram, YouTube, Discord",2-3 hours,3,3,3,3
196,2022-04-21 10:40:00,21,Male,Single,University Student,University,Yes,"YouTube, Discord, Reddit",5+ hours,5,1,1,1
197,2022-04-21 13:23:00,34,Male,Married,Salaried Worker,Private,Yes,"Facebook, YouTube, TikTok",5+ hours,5,3,3,4
198,2022-04-21 13:36:00,22,Male,Single,University Student,University,Yes,"Facebook, YouTube, Snapchat",0-1 hour,1,1,1,1
199,2022-04-21 15:26:00,23,Male,Relationship,University Student,"University, Company",Yes,"Facebook, Twitter, Instagram, YouTube, Discord, Reddit",4-5 hours,4,2,1,1
200,2022-04-21 15:57:00,48,Male,Married,Salaried Worker,Private,Yes,"Facebook, YouTube",0-1 hour,1,1,1,1
201,2022-04-21 17:47:00,37,Male,Married,Salaried Worker,Private,Yes,"Facebook, YouTube",1-2 hours,4,4,3,4
202,2022-04-21 19:19:00,22,Male,Single,University Student,University,Yes,"Facebook, Instagram, YouTube, Snapchat",1-2 hours,3,3,3,4
203,2022-04-21 20:26:00,21,Female,Relationship,University Student,University,Yes,"Facebook, Twitter, Instagram, YouTube, Snapchat",5+ hours,4,4,5,5
204,2022-04-21 20:31:00,23,Female,Single,University Student,"University, Goverment",Yes,"Facebook, Twitter, Instagram, YouTube, Snapchat, Discord, Pinterest",2-3 hours,4,4,3,2
205,2022-04-21 20:47:00,21,Female,Single,University Student,University,Yes,"Facebook, YouTube",1-2 hours,4,3,3,3
206,2022-04-21 22:29:00,22,Female,Single,University Student,University,Yes,"Facebook, Twitter, Instagram, YouTube, Snapchat, Discord, Pinterest",3-4 hours,3,3,3,2
207,2022-04-21 23:02:00,22,Female,Relationship,University Student,University,Yes,Facebook,5+ hours,3,1,4,4
208,2022-04-21 23:02:00,22,Female,Relationship,University Student,University,Yes,"Facebook, Instagram, YouTube, Snapchat, TikTok",5+ hours,2,5,3,4
209,2022-04-21 23:11:00,19,Female,Single,University Student,University,Yes,"Facebook, Instagram, YouTube, Snapchat, Discord, Pinterest",3-4 hours,5,4,3,4
210,2022-04-22 00:24:00,23,Female,Single,University Student,University,Yes,"Facebook, Instagram, YouTube",2-3 hours,5,5,5,5
211,2022-04-22 02:35:00,46,Male,Married,Salaried Worker,"Company, Private",Yes,"Facebook, YouTube",0-1 hour,2,1,1,1
212,2022-04-22 08:35:00,21,Male,Relationship,University Student,University,Yes,"Facebook, Instagram, YouTube",5+ hours,4,5,4,4
213,2022-04-22 11:56:00,24,Female,Relationship,University Student,University,Yes,"Facebook, Instagram, YouTube, Discord",5+ hours,2,3,2,3
214,2022-04-22 13:31:00,20,Female,Single,University Student,University,Yes,"Facebook, Instagram, YouTube",0-1 hour,3,1,1,2
215,2022-04-22 22:00:00,25,Male,Single,University Student,University,Yes,YouTube,1-2 hours,5,5,1,3
216,2022-04-22 22:26:00,21,Female,Single,University Student,"University, Company, Goverment",Yes,"Facebook, YouTube, Discord, Pinterest",3-4 hours,2,1,2,1
217,2022-04-24 05:23:00,23,Male,Relationship,University Student,University,Yes,"Facebook, Twitter, Instagram, YouTube, Discord, Reddit, TikTok",5+ hours,4,4,5,4
218,2022-04-26 03:01:00,22,Female,Relationship,Salaried Worker,Company,Yes,"Instagram, YouTube, Discord, Reddit, TikTok",5+ hours,5,4,4,3
219,2022-04-26 21:59:00,36,Male,Married,Salaried Worker,University,Yes,"Facebook, Instagram, YouTube, Pinterest",0-1 hour,2,1,2,1
220,2022-04-26 22:13:00,22,Female,Single,University Student,University,Yes,"Facebook, Instagram, YouTube, Snapchat, Pinterest, TikTok",2-3 hours,5,5,5,2
221,2022-04-26 23:15:00,25,Female,Single,Salaried Worker,University,Yes,"Facebook, Instagram, YouTube",4-5 hours,3,4,5,1
222,2022-04-26 23:32:00,22,Female,Single,University Student,University,Yes,"Facebook, Twitter, Instagram, YouTube, Snapchat, TikTok",4-5 hours,4,2,5,3
223,2022-04-26 23:56:00,23,Male,Single,University Student,"University, N/A",Yes,"Facebook, Instagram, YouTube, Snapchat, Discord, TikTok",3-4 hours,3,4,5,5
224,2022-04-27 02:12:00,23,Male,Single,University Student,University,Yes,"Facebook, Instagram",0-1 hour,3,2,3,3
225,2022-05-11 19:06:00,19,Female,Single,School Student,University,Yes,"Facebook, Instagram, YouTube, Discord",3-4 hours,5,3,3,5
226,2022-05-11 19:07:00,21,Female,Single,University Student,"School, University, Private",Yes,"Facebook, Instagram, YouTube, Snapchat, Discord, Reddit",1-2 hours,3,5,4,2
227,2022-05-11 19:09:00,27,Female,Relationship,Salaried Worker,Private,Yes,"Facebook, Instagram, YouTube, Snapchat",4-5 hours,5,5,4,4
228,2022-05-11 19:16:00,25,Female,Single,University Student,University,Yes,"Facebook, YouTube, Discord",5+ hours,4,3,2,3
229,2022-05-11 19:19:00,20,Female,Single,University Student,University,Yes,"Facebook, Instagram, YouTube, Snapchat",2-3 hours,4,2,3,1
230,2022-05-11 19:27:00,34,Female,Married,Salaried Worker,School,Yes,Facebook,1-2 hours,2,5,1,5
231,2022-05-11 19:30:00,23,Female,Single,University Student,University,Yes,"Facebook, Instagram, YouTube, Snapchat, Discord, Pinterest",5+ hours,5,5,3,3
232,2022-05-11 19:31:00,34,Female,Married,Salaried Worker,School,Yes,Facebook,1-2 hours,2,2,1,1
233,2022-05-11 19:45:00,25,Male,Single,University Student,University,Yes,"Facebook, Twitter, Instagram, YouTube, Snapchat, Discord, Pinterest, TikTok",4-5 hours,4,5,5,5
234,2022-05-11 19:47:00,22,Female,Married,University Student,University,Yes,"Facebook, Instagram, YouTube, Pinterest",2-3 hours,5,4,3,2
235,2022-05-11 19:47:00,20,Male,Single,University Student,University,Yes,"Facebook, Twitter, Instagram, YouTube, Snapchat, Discord, Reddit",0-1 hour,4,2,3,2
236,2022-05-11 19:47:00,23,Female,Single,University Student,University,Yes,"Facebook, Instagram, YouTube, Snapchat",5+ hours,4,5,4,5
237,2022-05-11 19:48:00,91,Female,Single,University Student,University,Yes,"Facebook, Instagram, YouTube, Snapchat, Discord",2-3 hours,2,5,4,5
238,2022-05-11 19:51:00,22,Female,Single,University Student,University,Yes,"Facebook, Instagram, YouTube, Snapchat, Discord",4-5 hours,4,1,1,1
239,2022-05-11 19:51:00,23,Female,Single,University Student,"University, N/A",Yes,"Facebook, Instagram, YouTube, TikTok",5+ hours,3,3,3,4
240,2022-05-11 19:58:00,21,Female,Relationship,University Student,"University, Company",Yes,"Facebook, Instagram, Discord",2-3 hours,2,3,2,4
241,2022-05-11 20:13:00,21,Female,Relationship,University Student,University,Yes,"Facebook, Instagram, YouTube, Snapchat, Discord, TikTok",2-3 hours,3,3,3,4
242,2022-05-11 20:15:00,22,Female,Single,University Student,University,Yes,"Facebook, Instagram, YouTube",1-2 hours,2,2,2,3
243,2022-05-11 20:15:00,22,Male,Single,University Student,University,Yes,"Facebook, Twitter, Instagram, YouTube, Discord, Reddit, Pinterest, TikTok",5+ hours,4,4,4,4
244,2022-05-11 20:17:00,22,Female,Single,University Student,University,Yes,"Facebook, Instagram, YouTube, Snapchat",5+ hours,5,2,4,4
245,2022-05-11 20:18:00,20,Female,Single,University Student,University,Yes,"Facebook, Instagram, YouTube, Discord",3-4 hours,3,3,3,3
246,2022-05-11 20:19:00,26,Female,Relationship,Salaried Worker,Private,Yes,"Facebook, Twitter, Instagram, YouTube",5+ hours,4,4,3,2
247,2022-05-11 20:34:00,21,Male,Single,University Student,University,Yes,YouTube,2-3 hours,3,3,5,4
248,2022-05-11 20:35:00,20,Female,Single,University Student,"University, Private",Yes,"Facebook, Instagram, YouTube, Snapchat, Pinterest, TikTok",5+ hours,4,5,5,5
249,2022-05-11 20:36:00,21,Female,Relationship,University Student,"School, University, Private",Yes,"Facebook, Twitter, YouTube, Discord, Pinterest",5+ hours,3,2,2,1
250,2022-05-11 20:39:00,19,Female,Single,School Student,School,Yes,"Facebook, Twitter, Instagram, YouTube, Snapchat, Discord, Reddit, Pinterest, TikTok",5+ hours,3,2,5,3
251,2022-05-11 20:41:00,20,Female,Single,University Student,University,Yes,"Facebook, Instagram, YouTube, Snapchat, Discord, Pinterest, TikTok",5+ hours,4,5,5,5
252,2022-05-11 20:45:00,22,Female,Single,University Student,"University, Private",Yes,"Facebook, Twitter, Instagram, YouTube, Snapchat, Discord, Reddit, Pinterest, TikTok",3-4 hours,5,4,4,3
253,2022-05-11 20:50:00,23,Male,Single,University Student,"School, University",Yes,"YouTube, Discord, Reddit",1-2 hours,2,2,5,5
254,2022-05-11 20:51:00,21,Male,Single,University Student,University,Yes,"Facebook, Twitter, Instagram, YouTube, Discord, Reddit",2-3 hours,4,4,5,4
255,2022-05-11 20:57:00,21,Female,Relationship,University Student,"School, University",Yes,"Facebook, Instagram, YouTube, Snapchat, Discord, Pinterest, TikTok",3-4 hours,5,4,5,4
256,2022-05-11 20:58:00,22,Male,Relationship,University Student,University,Yes,"Facebook, Instagram, YouTube, Snapchat, Discord",4-5 hours,5,5,5,5
257,2022-05-11 21:02:00,26,Male,Single,Salaried Worker,Company,Yes,"Facebook, Instagram, YouTube, Discord",5+ hours,5,5,5,5
258,2022-05-11 21:06:00,22,Female,Relationship,University Student,University,Yes,"Facebook, Instagram, YouTube, Discord",2-3 hours,4,4,3,3
259,2022-05-11 21:08:00,17,Male,Single,School Student,School,Yes,Discord,2-3 hours,3,4,3,3
260,2022-05-11 21:14:00,23,Male,Single,University Student,"University, Private",Yes,"Facebook, Instagram, YouTube, Discord, Pinterest, TikTok",5+ hours,4,3,4,4
261,2022-05-11 21:14:00,21,Male,Single,School Student,"School, Company",Yes,"Facebook, Instagram, YouTube, Discord, Reddit, Pinterest",3-4 hours,2,4,4,4
262,2022-05-11 21:16:00,22,Female,Single,University Student,University,Yes,"Facebook, Instagram, YouTube, Snapchat",5+ hours,1,1,1,1
263,2022-05-11 21:19:00,20,Male,Single,University Student,University,Yes,"Facebook, Twitter, Instagram, YouTube, Snapchat, Discord, TikTok",5+ hours,4,5,2,3
264,2022-05-11 21:20:00,24,Female,Single,University Student,University,Yes,"Facebook, Twitter, Instagram, YouTube",4-5 hours,4,4,4,4
265,2022-05-11 21:20:00,22,Female,Single,University Student,Private,Yes,"Facebook, Instagram, YouTube, Snapchat",3-4 hours,4,4,5,5
266,2022-05-11 21:22:00,24,Male,Single,University Student,University,Yes,"Facebook, Twitter, Instagram, YouTube, Discord",3-4 hours,4,3,3,3
267,2022-05-11 21:22:00,22,Female,Single,University Student,University,Yes,"Facebook, Instagram, YouTube, Snapchat, Pinterest",5+ hours,3,4,5,4
268,2022-05-11 21:24:00,26,Male,Relationship,University Student,"University, Private",Yes,"Facebook, Twitter, Instagram, YouTube, Snapchat, Discord, Pinterest",4-5 hours,3,3,2,2
269,2022-05-11 21:25:00,24,Female,Relationship,Salaried Worker,Private,Yes,"Facebook, Instagram, YouTube, Discord, Pinterest",3-4 hours,2,1,2,2
270,2022-05-11 21:29:00,22,Female,Single,University Student,University,Yes,"Facebook, YouTube",2-3 hours,3,4,2,3
271,2022-05-11 21:30:00,25,Female,Relationship,University Student,University,Yes,"Facebook, Instagram, YouTube, Snapchat, Discord",3-4 hours,3,2,2,3
272,2022-05-11 21:32:00,21,Female,Single,University Student,University,Yes,"Facebook, Instagram, YouTube, Snapchat, Discord, Reddit, Pinterest, TikTok",4-5 hours,4,5,4,5
273,2022-05-11 21:34:00,20,Female,Relationship,University Student,University,Yes,"Facebook, Instagram, YouTube, Snapchat, TikTok",2-3 hours,4,4,4,4
274,2022-05-11 21:35:00,22,Female,Single,University Student,University,Yes,"Facebook, Instagram, YouTube",1-2 hours,3,3,3,1
275,2022-05-11 21:35:00,25,Female,Relationship,Salaried Worker,Company,Yes,"Facebook, Twitter, Instagram, YouTube, Snapchat, Pinterest",2-3 hours,2,1,2,4
276,2022-05-11 21:36:00,17,Male,Single,School Student,School,Yes,"Facebook, Discord",4-5 hours,2,1,2,2
277,2022-05-11 21:38:00,22,Female,Single,University Student,University,Yes,"Facebook, Twitter, Instagram, YouTube",2-3 hours,4,2,3,4
278,2022-05-11 21:45:00,26,Male,Single,University Student,University,Yes,"Facebook, Twitter, Instagram, YouTube, Reddit",1-2 hours,3,4,4,4
279,2022-05-11 21:46:00,22,Female,Single,University Student,"University, Goverment",Yes,Facebook,2-3 hours,2,3,3,3
280,2022-05-11 21:46:00,23,Male,Relationship,University Student,"University, Company, Private",Yes,"Facebook, Instagram, YouTube, Snapchat, Pinterest",2-3 hours,3,4,3,3
281,2022-05-11 21:47:00,25,Male,Single,Salaried Worker,"Company, Private",Yes,"Facebook, Instagram, YouTube, Snapchat",2-3 hours,4,2,3,4
282,2022-05-11 21:55:00,21,Male,Single,School Student,"University, Company",Yes,"Instagram, YouTube, Snapchat, Discord, Reddit",2-3 hours,4,5,5,5
283,2022-05-11 21:56:00,30,Female,Single,Salaried Worker,Private,Yes,"Facebook, TikTok",2-3 hours,4,5,3,5
284,2022-05-11 21:56:00,23,Female,Single,University Student,University,Yes,"Facebook, Instagram, YouTube",3-4 hours,2,4,3,3
285,2022-05-11 21:56:00,22,Male,Relationship,Salaried Worker,"University, Company",Yes,"Facebook, Twitter, Instagram, YouTube, Snapchat, Discord, Reddit, TikTok",4-5 hours,4,5,5,4
286,2022-05-11 21:59:00,21,Female,Relationship,University Student,University,Yes,"Facebook, Instagram, YouTube",4-5 hours,5,5,4,3
287,2022-05-11 22:01:00,20,Female,Relationship,University Student,University,Yes,"Facebook, YouTube",3-4 hours,5,3,4,2
288,2022-05-11 22:03:00,18,Female,Single,University Student,University,Yes,"Facebook, Instagram, YouTube, Snapchat, Discord, Pinterest",5+ hours,3,2,2,2
289,2022-05-11 22:05:00,20,Female,Single,University Student,University,Yes,"Twitter, Instagram, YouTube",3-4 hours,3,3,2,2
290,2022-05-11 22:06:00,15,Female,Single,School Student,School,Yes,"Instagram, YouTube, Discord, Pinterest",3-4 hours,4,3,3,3
291,2022-05-11 22:07:00,22,Male,Single,University Student,University,Yes,"Facebook, Twitter, Instagram, YouTube, Snapchat, Discord, Reddit, Pinterest",5+ hours,5,3,3,5
292,2022-05-11 22:08:00,17,Female,Single,School Student,School,Yes,"Facebook, Instagram, YouTube, Snapchat, Pinterest, TikTok",5+ hours,2,5,5,5
293,2022-05-11 22:10:00,21,Male,Single,University Student,University,Yes,"Facebook, Instagram",1-2 hours,2,3,4,4
294,2022-05-11 22:11:00,22,Female,Single,University Student,University,Yes,"Facebook, Twitter, Instagram, YouTube, Snapchat, TikTok",5+ hours,5,1,1,4
295,2022-05-11 22:11:00,23,Female,Married,University Student,University,Yes,Facebook,5+ hours,4,3,4,5
296,2022-05-11 22:11:00,24,Male,Single,University Student,University,Yes,"Facebook, Twitter, Instagram, YouTube, Snapchat, Discord, Reddit, Pinterest",3-4 hours,2,1,1,1
297,2022-05-11 22:14:00,21,Female,Relationship,University Student,"University, Private",Yes,"Facebook, Instagram, YouTube, Snapchat",5+ hours,4,5,5,5
298,2022-05-11 22:20:00,22,Female,Single,University Student,University,Yes,"Facebook, Instagram, YouTube, Snapchat, Pinterest, TikTok",5+ hours,5,5,5,5
299,2022-05-11 22:21:00,22,Female,Single,University Student,University,Yes,"Facebook, YouTube, Snapchat, Discord",5+ hours,5,5,5,5
300,2022-05-11 22:21:00,21,Female,Single,University Student,"University, Private",Yes,"Facebook, Twitter, Instagram, YouTube, Snapchat, TikTok",5+ hours,3,4,4,4
301,2022-05-11 22:21:00,21,Female,Single,University Student,University,Yes,"Facebook, Instagram, YouTube, Snapchat, Discord, Pinterest",5+ hours,3,3,2,4
302,2022-05-11 22:30:00,19,Male,Single,University Student,University,Yes,"Facebook, Twitter, Instagram, YouTube, Snapchat, Discord",0-1 hour,3,2,2,2
303,2022-05-11 22:32:00,22,Male,Single,University Student,"University, Company",Yes,"Facebook, Twitter, Instagram, YouTube, Snapchat, Discord, Reddit",5+ hours,5,4,4,5
304,2022-05-11 22:33:00,21,Others,Single,University Student,University,Yes,"Facebook, Instagram, YouTube, Snapchat, Reddit, Pinterest, TikTok",5+ hours,4,2,5,4
305,2022-05-11 22:34:00,22,Male,Single,University Student,University,Yes,"Facebook, Instagram, YouTube, Discord, Pinterest",2-3 hours,4,5,4,5
306,2022-05-11 22:36:00,21,Female,Single,University Student,"University, Company",Yes,"Facebook, Instagram, Snapchat, Pinterest, TikTok",2-3 hours,4,4,3,2
307,2022-05-11 22:38:00,23,Male,Married,University Student,University,Yes,"Facebook, Twitter, Instagram, YouTube, Snapchat, Discord, Reddit, Pinterest, TikTok",2-3 hours,5,4,5,5
308,2022-05-11 22:38:00,19,Male,Single,University Student,University,Yes,"Facebook, Twitter, Instagram, YouTube, Snapchat, Discord, Reddit, Pinterest, TikTok",3-4 hours,4,2,2,1
309,2022-05-11 22:41:00,26,Male,Single,Salaried Worker,"School, Company",Yes,"Facebook, Twitter, Instagram, YouTube, Snapchat, Discord, Reddit",2-3 hours,4,3,4,3
310,2022-05-11 22:44:00,27,Male,Single,Salaried Worker,Company,Yes,"Facebook, Twitter, Instagram, YouTube, Reddit, Pinterest",2-3 hours,5,5,2,1
311,2022-05-11 22:45:00,25,Female,Single,University Student,"University, Company, Private",Yes,"Facebook, Instagram, YouTube, Pinterest, TikTok",5+ hours,5,5,4,1
312,2022-05-11 22:46:00,20,Female,Single,University Student,University,Yes,"Facebook, Instagram, YouTube, Discord",4-5 hours,3,3,3,3
313,2022-05-11 22:50:00,20,Female,Single,University Student,University,Yes,"Facebook, Twitter, Instagram, YouTube, Snapchat",5+ hours,4,2,3,4
314,2022-05-11 22:52:00,22,Male,Single,University Student,University,Yes,"Facebook, Twitter, Instagram, YouTube, Snapchat, Discord, Reddit, Pinterest",3-4 hours,4,4,3,1
315,2022-05-11 22:54:00,18,Female,Single,School Student,Private,Yes,"Facebook, Instagram, YouTube",3-4 hours,5,5,5,5
316,2022-05-11 22:54:00,22,Male,Relationship,University Student,"University, Company",Yes,"Facebook, Instagram, YouTube, Snapchat, Discord, Reddit",2-3 hours,4,3,3,3
317,2022-05-11 22:55:00,20,Male,Single,Salaried Worker,Company,Yes,"Facebook, Twitter, Instagram, Snapchat, Reddit",1-2 hours,3,3,3,3
318,2022-05-11 22:57:00,24,Male,Single,Salaried Worker,Company,Yes,"YouTube, Discord",5+ hours,5,3,5,5
319,2022-05-11 23:02:00,21,Male,Single,University Student,University,Yes,"Facebook, Instagram, YouTube",4-5 hours,3,4,3,5
320,2022-05-11 23:11:00,29,Female,Single,Salaried Worker,Private,Yes,"Facebook, Instagram",3-4 hours,5,3,3,3
321,2022-05-11 23:12:00,21,Male,Single,University Student,"University, Company, Private",Yes,"Facebook, Instagram, YouTube, Snapchat, Discord, TikTok",1-2 hours,4,4,3,2
322,2022-05-11 23:16:00,19,Female,Single,University Student,"School, University, Private",Yes,"Facebook, Instagram, YouTube, Snapchat, Discord, Reddit, Pinterest, TikTok",5+ hours,3,5,3,4
323,2022-05-11 23:17:00,21,Female,Relationship,University Student,University,Yes,"Facebook, Instagram, YouTube, Snapchat, Discord",2-3 hours,5,4,4,4
324,2022-05-11 23:22:00,43,Male,Married,Salaried Worker,Goverment,Yes,"Facebook, YouTube",0-1 hour,2,1,1,1
325,2022-05-11 23:23:00,22,Female,Married,University Student,University,Yes,"Facebook, Twitter, Instagram, YouTube, Snapchat, Discord, Reddit, Pinterest, TikTok",4-5 hours,5,5,4,4
326,2022-05-11 23:27:00,24,Male,Relationship,University Student,"University, Company",Yes,"Facebook, Twitter, Instagram, YouTube, Snapchat, Discord, Reddit",4-5 hours,4,5,5,5
327,2022-05-11 23:33:00,18,Female,Single,School Student,School,Yes,"Facebook, YouTube",5+ hours,5,5,3,4
328,2022-05-11 23:34:00,19,Female,Single,University Student,University,Yes,"Facebook, Instagram, YouTube, Snapchat, Discord",3-4 hours,4,3,3,4
329,2022-05-11 23:35:00,37,Female,Relationship,Salaried Worker,Private,Yes,"Facebook, YouTube",1-2 hours,2,2,3,2
330,2022-05-11 23:37:00,24,Male,Single,University Student,University,Yes,"Facebook, Instagram, YouTube, Discord, Reddit",4-5 hours,4,4,4,5
331,2022-05-11 23:38:00,29,Female,Single,Salaried Worker,University,Yes,"Facebook, Twitter, Instagram, YouTube, Reddit, Pinterest",1-2 hours,2,2,4,4
332,2022-05-11 23:40:00,19,Male,Single,School Student,Private,Yes,"Facebook, Instagram, YouTube, Snapchat, Discord, Reddit, TikTok",4-5 hours,3,3,2,2
333,2022-05-11 23:41:00,35,Male,Married,Salaried Worker,Company,Yes,"Facebook, Instagram, YouTube, Discord",0-1 hour,2,3,2,4
334,2022-05-11 23:43:00,22,Female,Single,University Student,University,Yes,"Twitter, Discord, Reddit",2-3 hours,4,5,5,4
335,2022-05-11 23:54:00,23,Male,Single,University Student,"University, Company",Yes,"Facebook, Twitter, Instagram, YouTube, Snapchat, Discord, Pinterest",1-2 hours,3,2,3,2
336,2022-05-11 23:59:00,22,Female,Single,University Student,University,Yes,"Twitter, Instagram, TikTok",5+ hours,5,5,4,4
337,2022-05-12 00:07:00,25,Male,Single,Salaried Worker,Private,Yes,"Facebook, Instagram, YouTube, Snapchat, Discord",2-3 hours,4,4,5,3
338,2022-05-12 00:16:00,19,Male,Single,School Student,School,Yes,"Facebook, Instagram, YouTube, TikTok",4-5 hours,3,3,3,3
339,2022-05-12 00:22:00,29,Female,Married,Salaried Worker,Private,Yes,"Facebook, Instagram, YouTube, Pinterest",1-2 hours,4,4,3,3
340,2022-05-12 00:22:00,21,Female,Relationship,University Student,"University, Private",Yes,"Facebook, Twitter, Instagram, YouTube, Snapchat, Pinterest",4-5 hours,4,5,3,3
341,2022-05-12 00:26:00,21,Male,Relationship,University Student,University,Yes,"Facebook, Instagram, YouTube, Snapchat, Discord",4-5 hours,4,2,2,1
342,2022-05-12 00:30:00,23,Female,Single,University Student,"University, Company",Yes,"Facebook, Twitter, Instagram, YouTube, Snapchat, Discord, Reddit, Pinterest, TikTok",4-5 hours,5,4,4,5
343,2022-05-12 00:32:00,22,Female,Relationship,University Student,University,Yes,"Facebook, Instagram, YouTube",2-3 hours,4,5,5,5
344,2022-05-12 00:41:00,20,Male,Divorced,University Student,University,Yes,"Facebook, Instagram, YouTube, Snapchat, Discord",5+ hours,5,5,5,5
346,2022-05-12 00:52:00,27,Female,Single,Salaried Worker,Private,Yes,"Facebook, Instagram, Snapchat, Discord, Pinterest, TikTok",3-4 hours,3,3,3,4
347,2022-05-12 00:54:00,24,Male,Single,Salaried Worker,Company,Yes,"Facebook, Twitter, Instagram, YouTube, Snapchat, Discord, Reddit, Pinterest",5+ hours,5,2,2,2
348,2022-05-12 00:55:00,21,Female,Married,University Student,"University, Company",Yes,"Facebook, Instagram, YouTube, Snapchat",1-2 hours,5,5,4,5
349,2022-05-12 01:12:00,23,Female,Single,University Student,University,Yes,"YouTube, Pinterest",0-1 hour,3,2,1,1
350,2022-05-12 01:30:00,21,Female,Single,University Student,University,Yes,"Facebook, Twitter, Instagram, YouTube, Reddit, Pinterest",3-4 hours,4,4,5,4
351,2022-05-12 01:36:00,23,Female,Relationship,University Student,University,Yes,"Facebook, Twitter, Instagram, YouTube, Snapchat",2-3 hours,4,4,3,2
352,2022-05-12 02:05:00,24,Female,Relationship,University Student,University,Yes,"Facebook, Twitter, Instagram, YouTube, Snapchat, Discord, Pinterest, TikTok",4-5 hours,3,2,3,3
353,2022-05-12 02:06:00,21,Male,Single,University Student,University,Yes,"Facebook, Twitter, Instagram, YouTube, Snapchat, Discord, Reddit, Pinterest, TikTok",4-5 hours,3,2,3,3
354,2022-05-12 02:10:00,23,Male,Single,University Student,University,Yes,"Facebook, Twitter, Instagram, YouTube, Snapchat, Discord, Reddit",3-4 hours,3,4,2,4
355,2022-05-12 02:18:00,22,Female,Single,University Student,University,Yes,"Facebook, Instagram, YouTube, Snapchat",5+ hours,4,3,3,2
356,2022-05-12 02:30:00,29,Female,Single,University Student,University,Yes,"Facebook, Instagram, YouTube, Snapchat, Pinterest, TikTok",5+ hours,5,5,5,5
357,2022-05-12 03:02:00,20,Male,Single,University Student,"School, University",Yes,"Instagram, YouTube, Discord, Reddit, Pinterest",3-4 hours,4,3,3,5
358,2022-05-12 03:24:00,26,Female,Single,University Student,University,Yes,"Facebook, YouTube",5+ hours,4,2,3,3
359,2022-05-12 03:24:00,24,Male,Single,Salaried Worker,Company,Yes,"Facebook, Twitter, Instagram, YouTube, Snapchat, Discord, Reddit, Pinterest, TikTok",1-2 hours,3,4,3,2
360,2022-05-12 03:26:00,26,Male,Relationship,University Student,University,Yes,"Facebook, Instagram, YouTube, Snapchat",3-4 hours,4,5,4,4
361,2022-05-12 03:37:00,22,Male,Single,University Student,"University, Company",Yes,"Facebook, YouTube, Discord",2-3 hours,5,4,3,4
362,2022-05-12 03:47:00,23,Male,Single,University Student,"University, Private",Yes,"Facebook, Instagram, YouTube, Snapchat, Discord, Pinterest, TikTok",4-5 hours,5,5,4,3
363,2022-05-12 03:57:00,19,Male,Single,School Student,School,Yes,"Facebook, Instagram, YouTube, Snapchat, Discord, Reddit, Pinterest",4-5 hours,4,4,4,4
364,2022-05-12 04:35:00,21,Female,Single,University Student,University,Yes,"Twitter, Instagram, YouTube, TikTok",2-3 hours,3,4,4,4
365,2022-05-12 04:46:00,20,Female,Single,University Student,University,Yes,"Facebook, Instagram, YouTube, Snapchat, Discord, Reddit, Pinterest, TikTok",4-5 hours,5,5,5,5
366,2022-05-12 05:24:00,22,Male,Single,University Student,University,Yes,"Facebook, Instagram, YouTube, Snapchat, Discord",5+ hours,4,4,4,3
367,2022-05-12 08:09:00,22,Male,Single,University Student,University,Yes,"Facebook, Twitter, Instagram, YouTube, Discord, Pinterest",5+ hours,3,3,4,5
368,2022-05-12 08:41:00,23,Male,Single,University Student,University,Yes,"Facebook, Twitter, Instagram, YouTube, Snapchat, Discord, Reddit",5+ hours,5,4,5,5
369,2022-05-12 09:25:00,22,Female,Single,University Student,University,Yes,"Facebook, Instagram, YouTube, Snapchat, Discord",5+ hours,4,5,5,5
370,2022-05-12 10:10:00,20,Female,Relationship,School Student,"Company, Private",Yes,"Facebook, Twitter, Instagram, YouTube, Snapchat, Discord, Pinterest, TikTok",5+ hours,5,4,3,2
371,2022-05-12 10:57:00,27,Female,Married,Salaried Worker,Private,Yes,"Facebook, Instagram, YouTube, Pinterest",1-2 hours,4,2,2,1
372,2022-05-12 11:06:00,22,Female,Single,University Student,University,Yes,"Facebook, Instagram, YouTube, Snapchat",5+ hours,5,4,4,4
373,2022-05-12 11:06:00,21,Female,Single,University Student,University,Yes,Facebook,5+ hours,4,4,5,5
374,2022-05-12 13:15:00,21,Female,Single,University Student,University,Yes,"Facebook, Twitter, Instagram, YouTube, Snapchat, Pinterest",2-3 hours,2,1,2,2
375,2022-05-12 17:12:00,19,Male,Single,University Student,University,Yes,"Facebook, Twitter, Instagram, YouTube",3-4 hours,4,2,3,3
376,2022-05-12 18:11:00,52,Male,Married,Salaried Worker,Private,Yes,"Facebook, YouTube",1-2 hours,2,2,3,2
377,2022-05-12 18:16:00,26,Male,Single,University Student,University,Yes,"Facebook, Instagram, YouTube, Reddit, Pinterest, TikTok",5+ hours,5,4,4,4
378,2022-05-12 18:33:00,44,Male,Married,Salaried Worker,Private,Yes,Facebook,0-1 hour,1,1,2,1
379,2022-05-12 18:36:00,44,Male,Married,Salaried Worker,Private,Yes,Facebook,0-1 hour,1,1,1,1
380,2022-05-12 18:58:00,19,Female,Single,University Student,University,Yes,"Facebook, YouTube, Discord, Pinterest",3-4 hours,4,5,4,3
381,2022-05-12 19:12:00,35,Male,Single,Salaried Worker,Private,Yes,"Facebook, Snapchat, Reddit",3-4 hours,5,5,5,5
382,2022-05-12 19:12:00,21,Female,Relationship,University Student,University,Yes,"Facebook, Instagram, Snapchat",5+ hours,3,5,5,5
383,2022-05-12 19:12:00,20,Female,Single,University Student,University,Yes,"Facebook, Instagram, TikTok",4-5 hours,4,5,5,5
384,2022-05-12 19:15:00,24,Female,Relationship,University Student,Private,Yes,"Facebook, Twitter, Instagram, YouTube, Reddit",5+ hours,5,2,2,1
385,2022-05-12 19:23:00,21,Female,Single,University Student,"School, University",Yes,"Facebook, Instagram, YouTube, Reddit, Pinterest",3-4 hours,4,4,5,5
386,2022-05-12 19:40:00,24,Male,Single,University Student,University,Yes,"Facebook, Instagram, YouTube, Discord, Reddit",5+ hours,3,4,4,3
387,2022-05-12 19:41:00,21,Female,Relationship,University Student,University,Yes,"Facebook, Instagram, YouTube, Snapchat",3-4 hours,5,3,5,5
388,2022-05-12 19:47:00,17,Male,Single,School Student,School,Yes,"Facebook, Instagram, YouTube, Discord",5+ hours,2,4,5,5
389,2022-05-12 19:51:00,26,Female,Relationship,University Student,University,Yes,Facebook,4-5 hours,4,4,4,4
390,2022-05-12 20:08:00,18,Male,Single,School Student,School,Yes,"Facebook, Twitter, Instagram, YouTube, Snapchat, Discord, TikTok",3-4 hours,4,5,5,4
391,2022-05-12 20:13:00,18,Female,Single,School Student,"School, N/A",Yes,"Facebook, Instagram, YouTube, Discord",3-4 hours,2,1,3,2
392,2022-05-12 20:17:00,18,Female,Relationship,School Student,School,Yes,"Facebook, Instagram, YouTube, Snapchat, Reddit, Pinterest, TikTok",3-4 hours,5,3,3,4
393,2022-05-12 21:00:00,23,Male,Single,University Student,University,Yes,"Facebook, Instagram, YouTube, Snapchat, Discord",3-4 hours,3,4,4,4
394,2022-05-12 21:06:00,20,Male,Single,University Student,University,Yes,"Facebook, Instagram, YouTube, Snapchat, Discord",1-2 hours,4,5,5,5
395,2022-05-12 21:10:00,23,Male,Single,University Student,University,Yes,"Facebook, Instagram, YouTube, Snapchat, Discord",5+ hours,4,4,4,4
396,2022-05-12 21:13:00,25,Male,Relationship,University Student,University,Yes,"Facebook, Twitter, Instagram, YouTube, Discord, Reddit, Pinterest",0-1 hour,2,2,2,3
397,2022-05-12 21:25:00,26,Male,Single,Salaried Worker,Private,Yes,"Facebook, Instagram, YouTube, Reddit",2-3 hours,4,3,3,4
398,2022-05-12 21:31:00,20,Male,Relationship,University Student,"School, University",Yes,"Facebook, Twitter, Instagram, YouTube, Snapchat, Discord, TikTok",5+ hours,4,5,4,4
399,2022-05-12 21:33:00,19,Male,Relationship,School Student,School,Yes,"Facebook, Instagram, YouTube, Snapchat, Discord, Reddit, Pinterest",1-2 hours,4,3,3,2
400,2022-05-12 21:53:00,24,Female,Married,University Student,University,Yes,"Facebook, Instagram, YouTube, Snapchat",3-4 hours,4,3,3,5
401,2022-05-12 23:01:00,29,Female,Married,Salaried Worker,Company,Yes,"Facebook, Instagram, YouTube, Pinterest",5+ hours,5,5,4,4
402,2022-05-12 23:56:00,21,Female,Single,University Student,University,Yes,"Facebook, Twitter, Instagram, YouTube, Snapchat, Discord, TikTok",3-4 hours,4,5,4,5
403,2022-05-13 00:15:00,23,Male,Single,University Student,University,Yes,"Facebook, Instagram, YouTube, Snapchat, Discord, Reddit, Pinterest",5+ hours,4,3,4,4
404,2022-05-13 00:21:00,21,Male,Single,University Student,University,Yes,"Facebook, Instagram, YouTube, Snapchat, Discord, Reddit, Pinterest",5+ hours,5,5,3,3
405,2022-05-13 00:27:00,20,Female,Single,University Student,University,Yes,"Facebook, Instagram, YouTube, Discord",5+ hours,3,5,5,5
406,2022-05-13 01:06:00,21,Male,Single,University Student,University,Yes,"Facebook, Twitter, Instagram, YouTube, Snapchat, Discord, Reddit",4-5 hours,4,3,5,4
407,2022-05-13 01:16:00,22,Female,Single,University Student,University,Yes,YouTube,4-5 hours,3,1,3,2
408,2022-05-13 01:20:00,22,Female,Single,University Student,University,Yes,"Facebook, Instagram",2-3 hours,3,2,2,3
409,2022-05-13 01:25:00,22,Female,Relationship,University Student,University,Yes,"Facebook, Instagram, Snapchat",5+ hours,1,5,3,2
410,2022-05-13 01:27:00,27,Female,Relationship,Salaried Worker,Private,Yes,"Facebook, Instagram, YouTube, Reddit, TikTok",4-5 hours,4,3,4,3
411,2022-05-13 01:30:00,21,Male,Single,University Student,University,Yes,"Facebook, Instagram, YouTube",5+ hours,5,4,2,3
412,2022-05-13 01:46:00,23,Male,Relationship,University Student,University,Yes,"Facebook, Instagram, YouTube, Snapchat, Discord, Reddit, TikTok",4-5 hours,4,3,4,3
413,2022-05-13 01:50:00,22,Male,Relationship,University Student,University,Yes,"Facebook, Instagram, YouTube, Discord",3-4 hours,4,4,4,4
414,2022-05-13 03:51:00,21,Female,Relationship,University Student,"University, Private",Yes,YouTube,3-4 hours,3,4,3,3
415,2022-05-13 04:00:00,23,Male,Single,University Student,"University, Company",Yes,"Facebook, YouTube, Discord, Reddit",2-3 hours,4,2,2,2
416,2022-05-13 10:05:00,21,Female,Single,University Student,University,Yes,"Facebook, Twitter, Instagram, YouTube, Pinterest",5+ hours,4,5,4,4
417,2022-05-13 11:00:00,20,Male,Single,University Student,"University, Private",Yes,"Facebook, Instagram, YouTube",4-5 hours,5,3,3,2
418,2022-05-13 11:12:00,23,Male,Single,University Student,University,Yes,"Facebook, Instagram, YouTube, Discord, Reddit, Pinterest",1-2 hours,2,1,2,3
419,2022-05-13 13:43:00,22,Female,Relationship,University Student,University,Yes,"Facebook, Instagram, YouTube, Snapchat, Pinterest, TikTok",3-4 hours,3,5,5,5
420,2022-05-13 14:28:00,20,Female,Relationship,University Student,University,Yes,"Facebook, Instagram, YouTube, Snapchat",5+ hours,5,3,3,5
421,2022-05-13 16:26:00,21,Male,Single,University Student,University,Yes,"Facebook, Instagram, YouTube, Snapchat, Discord",3-4 hours,4,4,4,5
422,2022-05-13 16:32:00,25,Female,Single,University Student,University,Yes,"Facebook, Twitter, Instagram, YouTube, Pinterest",2-3 hours,3,5,2,3
423,2022-05-13 17:13:00,21,Female,Single,University Student,University,Yes,"Facebook, Instagram, Discord",3-4 hours,2,2,4,4
424,2022-05-13 17:32:00,28,Female,Single,University Student,University,Yes,"Facebook, Instagram, YouTube, Discord, Reddit",4-5 hours,4,3,4,4
425,2022-05-13 19:02:00,22,Female,Single,Salaried Worker,Private,Yes,"Facebook, Instagram, YouTube, Snapchat, Discord, Reddit, Pinterest, TikTok",3-4 hours,1,1,5,5
426,2022-05-13 20:50:00,49,Male,Married,Salaried Worker,School,Yes,"Facebook, YouTube, Pinterest",0-1 hour,3,4,3,3
427,2022-05-13 21:40:00,34,Female,Married,Salaried Worker,Private,Yes,"Facebook, Instagram, YouTube",0-1 hour,2,1,1,1
428,2022-05-13 22:43:00,56,Male,Married,Salaried Worker,Company,Yes,"Facebook, Twitter, YouTube, Pinterest",2-3 hours,1,1,1,1
429,2022-05-13 23:36:00,51,Male,Married,Salaried Worker,Private,Yes,"Facebook, Twitter, Instagram, YouTube",1-2 hours,3,2,4,3
430,2022-05-14 00:01:00,23,Female,Single,School Student,University,Yes,Facebook,2-3 hours,3,3,3,2
431,2022-05-14 02:16:00,21,Female,Single,University Student,University,Yes,"Facebook, YouTube, Discord",4-5 hours,3,5,3,2
432,2022-05-14 07:11:00,50,Male,Married,University Student,Private,Yes,"Facebook, Instagram",1-2 hours,1,1,1,1
433,2022-05-14 07:23:00,22,Female,Single,University Student,University,Yes,"Twitter, Instagram, YouTube",3-4 hours,2,2,4,5
434,2022-05-14 11:26:00,28,Female,Married,Salaried Worker,Private,Yes,"Facebook, Instagram, YouTube, Pinterest",2-3 hours,5,4,5,5
435,2022-05-14 11:44:00,13,Male,Single,School Student,School,Yes,"Instagram, YouTube, Discord",4-5 hours,3,4,3,1
436,2022-05-14 11:46:00,14,Male,Single,School Student,School,Yes,"Instagram, Discord",2-3 hours,3,4,4,2
437,2022-05-14 12:12:00,13,Male,Single,School Student,School,Yes,"Twitter, Instagram, YouTube, Discord, Pinterest",5+ hours,4,4,4,4
438,2022-05-14 13:40:00,23,Male,Relationship,School Student,"University, Private",Yes,"Facebook, Instagram, YouTube, Discord",4-5 hours,2,4,3,4
439,2022-05-14 16:16:00,18,Male,Single,University Student,University,Yes,"Discord, Reddit",1-2 hours,3,3,3,1
440,2022-05-14 17:33:00,18,Male,Single,School Student,"School, N/A",Yes,Pinterest,5+ hours,2,3,3,3
441,2022-05-14 17:33:00,15,Male,Single,School Student,School,Yes,"Instagram, YouTube, Discord, Reddit",4-5 hours,1,1,3,3
442,2022-05-15 02:48:00,20,Female,Single,University Student,Company,Yes,"Instagram, YouTube, Snapchat, Discord, Reddit, Pinterest, TikTok",1-2 hours,2,2,3,3
443,2022-05-16 20:20:00,20,Female,Single,University Student,University,Yes,"Facebook, Instagram, YouTube",5+ hours,5,4,4,3
444,2022-05-17 17:12:00,35,Female,Married,Salaried Worker,Company,Yes,"Facebook, Instagram, YouTube",1-2 hours,3,2,3,2
445,2022-05-21 22:19:00,30,Female,Married,Salaried Worker,University,Yes,"Facebook, Instagram, YouTube",4-5 hours,2,4,3,5
446,2022-05-21 22:33:00,32,Female,Married,Salaried Worker,Private,Yes,"Facebook, Instagram",3-4 hours,5,5,5,5
447,2022-05-21 23:38:00,24,Male,Single,Salaried Worker,"University, Private",Yes,"Facebook, Instagram, YouTube",2-3 hours,3,4,4,4
448,2022-05-22 00:01:00,26,Female,Married,Salaried Worker,University,Yes,"Facebook, YouTube",1-2 hours,2,1,3,4
449,2022-05-22 10:29:00,29,Female,Married,Salaried Worker,University,Yes,"Facebook, YouTube",2-3 hours,3,3,3,3
450,2022-07-14 19:33:00,21,Male,Single,University Student,University,Yes,"Facebook, Twitter, Instagram, YouTube, Discord, Pinterest",2-3 hours,2,3,3,2
451,2022-11-12 13:16:00,53,Male,Married,Salaried Worker,Private,Yes,"Facebook, YouTube",0-1 hour,2,3,3,1
