ID,timestamp,age,sex,relation_status,occupation,affiliations,sm_user,platforms,time_spent,Depression1,Depression2,Depression3,Depression_score
1,2022-04-18 19:18:00,21,Male,Relationship,University Student,University,Yes,"Facebook, Twitter, Instagram, YouTube, Discord, Reddit",2-3 hours,5,4,5,14
2,2022-04-18 19:19:00,21,Female,Single,University Student,University,Yes,"Facebook, Twitter, Instagram, YouTube, Discord, Reddit",5+ hours,5,4,5,14
3,2022-04-18 19:25:00,21,Female,Single,University Student,University,Yes,"Facebook, Instagram, YouTube, Pinterest",3-4 hours,4,2,5,11
4,2022-04-18 19:29:00,21,Female,Single,University Student,University,Yes,"Facebook, Instagram",5+ hours,4,3,2,9
5,2022-04-18 19:33:00,21,Female,Single,University Student,University,Yes,"Facebook, Instagram, YouTube",2-3 hours,4,4,1,9
6,2022-04-18 19:33:00,22,Female,Single,University Student,University,Yes,"Facebook, Twitter, Instagram, YouTube, Discord, Pinterest, TikTok",2-3 hours,3,2,4,9
7,2022-04-18 19:36:00,21,Female,Married,University Student,University,Yes,"Facebook, Instagram, YouTube, Snapchat, TikTok",3-4 hours,5,5,3,13
8,2022-04-18 19:36:00,21,Female,Relationship,University Student,University,Yes,"Facebook, Instagram, YouTube",5+ hours,5,5,1,11
9,2022-04-18 19:39:00,21,Female,Relationship,University Student,University,Yes,"Facebook, Instagram, YouTube",5+ hours,5,5,1,11
10,2022-04-18 19:41:00,20,Male,Single,University Student,University,No,"Reddit, Pinterest",0-1 hour,1,1,1,3
11,2022-04-18 19:44:00,24,Male,Single,University Student,University,Yes,"Facebook, Instagram, YouTube, Discord",2-3 hours,5,4,5,14
12,2022-04-18 19:44:00,21,Female,Single,University Student,University,Yes,"Facebook, Instagram, YouTube, Snapchat, Discord, Reddit, Pinterest, TikTok",3-4 hours,3,4,2,9
13,2022-04-18 19:56:00,22,Female,Single,University Student,University,Yes,"Facebook, Twitter, Instagram, YouTube, Snapchat, Discord, Reddit, Pinterest",3-4 hours,3,1,5,9
14,2022-04-18 19:57:00,21,Female,Single,University Student,University,Yes,"Facebook, Twitter, Instagram, YouTube, Snapchat, Reddit, Pinterest",3-4 hours,3,3,3,9
15,2022-04-18 19:59:00,22,Male,Single,University Student,University,Yes,"Facebook, YouTube, Pinterest",5+ hours,5,5,5,15
16,2022-04-18 20:15:00,23,Male,Relationship,University Student,Private,Yes,"Facebook, Instagram, YouTube, Reddit",1-2 hours,3,4,2,9
17,2022-04-18 20:15:00,21,Male,Single,University Student,University,Yes,"Facebook, YouTube, Discord",0-1 hour,4,1,3,8
18,2022-04-18 20:22:00,28,Male,Single,University Student,University,Yes,"Facebook, YouTube, Discord, Reddit",1-2 hours,3,3,1,7
19,2022-04-18 20:28:00,34,Male,Divorced,Salaried Worker,Private,Yes,"Facebook, Twitter, Instagram, YouTube",1-2 hours,2,2,2,6
20,2022-04-18 20:31:00,22,Male,Relationship,University Student,"School, University",Yes,"Facebook, Instagram, YouTube, Discord, Reddit",2-3 hours,2,3,2,7
21,2022-04-18 20:32:00,23,Male,Single,University Student,University,Yes,"Facebook, Twitter, Instagram, YouTube, Discord, Reddit, TikTok",5+ hours,3,3,1,7
22,2022-04-18 20:33:00,26,Female,Single,University Student,University,Yes,"Facebook, Instagram, YouTube, Pinterest",3-4 hours,4,4,4,12
23,2022-04-18 20:35:00,23,Female,Married,University Student,University,Yes,"Facebook, Instagram, YouTube, Snapchat, Pinterest",1-2 hours,4,4,1,9
24,2022-04-18 20:38:00,35,Female,Married,Salaried Worker,"School, University",Yes,"Facebook, YouTube",3-4 hours,4,2,2,8
25,2022-04-18 20:38:00,20,Male,Single,University Student,University,Yes,"Facebook, Instagram, YouTube, Discord",3-4 hours,4,3,4,11
26,2022-04-18 20:40:00,35,Male,Married,Salaried Worker,Company,Yes,"Facebook, Twitter, Instagram, YouTube",2-3 hours,4,4,5,13
27,2022-04-18 20:42:00,22,Female,Relationship,University Student,University,Yes,"Facebook, Instagram, YouTube, Snapchat, Discord, Pinterest, TikTok",4-5 hours,4,4,1,9
28,2022-04-18 20:45:00,21,Female,Single,University Student,University,Yes,"Facebook, Instagram, YouTube, Snapchat, Discord",3-4 hours,5,4,1,10
29,2022-04-18 20:49:00,22,Female,Relationship,University Student,University,Yes,"Facebook, Instagram, YouTube, Discord",3-4 hours,5,4,3,12
30,2022-04-18 20:50:00,35,Male,Married,Salaried Worker,Private,Yes,"Facebook, YouTube, Pinterest",2-3 hours,3,4,2,9
31,2022-04-18 20:52:00,24,Male,Single,Salaried Worker,Private,Yes,"Facebook, Instagram, YouTube, TikTok",2-3 hours,2,3,3,8
32,2022-04-18 20:53:00,18,Female,Single,School Student,"School, Private",Yes,"Facebook, Instagram, YouTube, Discord, Pinterest",2-3 hours,3,3,2,8
33,2022-04-18 20:54:00,19,Female,Single,University Student,University,Yes,"Facebook, Instagram, YouTube, Discord",3-4 hours,5,4,4,13
34,2022-04-18 20:55:00,21,Others,Single,University Student,University,Yes,"Facebook, Twitter, Instagram, YouTube, Discord",5+ hours,4,2,1,7
35,2022-04-18 20:55:00,21,Male,Single,University Student,University,Yes,"Facebook, Instagram",3-4 hours,3,3,1,7
36,2022-04-18 21:02:00,23,Male,Single,University Student,University,Yes,"Facebook, Twitter, Instagram, YouTube, Snapchat, Discord, Reddit",0-1 hour,5,4,5,14
37,2022-04-18 21:22:00,22,Female,Single,University Student,University,Yes,"Facebook, Instagram, YouTube, Snapchat, Pinterest",3-4 hours,2,2,5,9
38,2022-04-18 21:24:00,22,Male,Single,University Student,"University, Company",Yes,"Facebook, YouTube, Discord",2-3 hours,1,3,4,8
39,2022-04-18 21:32:00,21,Female,Single,University Student,University,Yes,"Facebook, Instagram, YouTube, Snapchat",1-2 hours,3,3,1,7
40,2022-04-18 21:42:00,21,Female,Single,University Student,University,Yes,"Facebook, Instagram, YouTube, Snapchat",3-4 hours,4,2,2,8
41,2022-04-18 21:48:00,19,Female,Single,School Student,"School, University",Yes,"Facebook, Instagram, YouTube, Snapchat, Pinterest",5+ hours,5,4,2,11
42,2022-04-18 21:49:00,24,Male,Single,Salaried Worker,Private,Yes,"Twitter, Discord, Reddit",5+ hours,3,3,3,9
43,2022-04-18 21:50:00,22,Female,Relationship,University Student,University,Yes,"Facebook, Instagram, YouTube",5+ hours,3,2,3,8
44,2022-04-18 21:55:00,65,Male,Married,Retired,Goverment,Yes,"Facebook, YouTube",3-4 hours,1,3,2,6
45,2022-04-18 22:04:00,40,Male,Married,Salaried Worker,"Company, Private",Yes,"Twitter, YouTube, Reddit",2-3 hours,2,2,1,5
46,2022-04-18 22:07:00,33,Female,Single,Salaried Worker,School,Yes,"Facebook, YouTube",3-4 hours,1,1,1,3
47,2022-04-18 22:11:00,22,Female,Single,University Student,University,Yes,"Facebook, Twitter, Instagram, YouTube, Snapchat, Discord, Reddit, Pinterest, TikTok",3-4 hours,3,4,4,11
48,2022-04-18 22:20:00,24,Male,Single,Salaried Worker,Company,Yes,"YouTube, Snapchat, Discord",5+ hours,3,5,1,9
49,2022-04-18 22:23:00,26,Male,Single,University Student,University,Yes,Facebook,0-1 hour,5,5,5,15
50,2022-04-18 22:30:00,55,Male,Married,Salaried Worker,Private,Yes,"Discord, Reddit",1-2 hours,1,2,1,4
51,2022-04-18 22:35:00,26,Male,Relationship,Salaried Worker,Company,No,"YouTube, Discord, Reddit",1-2 hours,1,3,2,6
52,2022-04-18 22:39:00,27,Male,Single,University Student,University,Yes,"Facebook, Twitter, Instagram, YouTube, Snapchat, Reddit, TikTok",5+ hours,5,2,3,10
53,2022-04-18 22:42:00,22,Male,Married,University Student,"School, University",Yes,"Facebook, Instagram, YouTube, Snapchat, Discord, Reddit",5+ hours,3,4,2,9
54,2022-04-18 22:43:00,19,Female,Single,School Student,School,Yes,"Facebook, Instagram, YouTube, Discord, Pinterest",2-3 hours,4,4,5,13
55,2022-04-18 22:51:00,22,Female,Married,University Student,University,Yes,"Facebook, Twitter, Instagram, YouTube, Snapchat, Discord, Reddit, Pinterest, TikTok",2-3 hours,5,4,2,11
56,2022-04-18 23:00:00,20,Female,Married,University Student,University,Yes,"Instagram, Reddit",1-2 hours,1,3,5,9
57,2022-04-18 23:05:00,25,Female,Single,University Student,University,Yes,"Facebook, Twitter, Instagram, YouTube, Discord",5+ hours,4,3,4,11
58,2022-04-18 23:11:00,25,Female,Married,University Student,University,Yes,"YouTube, Reddit",1-2 hours,4,5,4,13
59,2022-04-18 23:12:00,18,Female,Single,University Student,University,Yes,"Facebook, Instagram, YouTube, Pinterest",5+ hours,5,4,5,14
60,2022-04-18 23:38:00,24,Male,Relationship,School Student,University,Yes,"YouTube, Discord, Reddit",1-2 hours,2,4,4,10
61,2022-04-18 23:45:00,21,Male,Relationship,University Student,University,Yes,"Facebook, Instagram, Reddit, TikTok",3-4 hours,4,4,1,9
62,2022-04-19 00:10:00,18,Others,Single,School Student,School,Yes,"Twitter, Instagram, YouTube, Reddit, TikTok",2-3 hours,4,2,4,10
63,2022-04-19 00:11:00,14,Male,Single,School Student,School,Yes,Reddit,1-2 hours,4,4,4,12
64,2022-04-19 00:15:00,25,Male,Single,University Student,University,Yes,"YouTube, Snapchat, Discord, Reddit",3-4 hours,3,4,4,11
65,2022-04-19 00:18:00,33,Male,Married,Salaried Worker,Private,Yes,"Instagram, YouTube",3-4 hours,1,2,2,5
66,2022-04-19 00:24:00,23,Male,Single,School Student,"University, Company",Yes,"Instagram, YouTube, Discord, Reddit",2-3 hours,5,5,5,15
67,2022-04-19 00:28:00,14,Female,Single,School Student,School,Yes,"Twitter, Instagram, YouTube, Snapchat, Reddit, Pinterest, TikTok",5+ hours,4,4,5,13
68,2022-04-19 00:32:00,38,Male,Married,Salaried Worker,University,Yes,"Twitter, YouTube, Discord, Reddit",1-2 hours,2,1,2,5
69,2022-04-19 01:41:00,26,Male,Single,Salaried Worker,Company,Yes,Reddit,0-1 hour,2,3,4,9
70,2022-04-19 01:59:00,24,Male,Single,University Student,University,Yes,"Facebook, YouTube, Reddit",2-3 hours,5,4,2,11
71,2022-04-19 02:06:00,21,Female,Single,University Student,University,Yes,"Facebook, Twitter, Instagram, YouTube, Snapchat, Discord, TikTok",3-4 hours,4,4,2,10
72,2022-04-19 02:18:00,18,Female,Single,University Student,"University, Goverment, Private",Yes,"Facebook, YouTube, Reddit",3-4 hours,5,5,5,15
73,2022-04-19 02:27:00,28,Male,Single,University Student,University,Yes,"Facebook, YouTube, Discord, Reddit",3-4 hours,5,3,5,13
74,2022-04-19 03:40:00,21,Male,Single,University Student,University,Yes,"Facebook, Instagram, YouTube, Snapchat, Discord, Reddit, Pinterest",5+ hours,1,5,4,10
75,2022-04-19 04:53:00,21,Male,Single,University Student,University,Yes,"Instagram, YouTube, Snapchat, Discord, Reddit",5+ hours,4,5,2,11
76,2022-04-19 05:20:00,21,Female,Relationship,University Student,"University, Company, Private",Yes,"Facebook, Instagram, YouTube, Pinterest",4-5 hours,4,5,5,14
77,2022-04-19 06:31:00,17,Male,Single,School Student,School,Yes,"Facebook, Twitter, Instagram, YouTube, Reddit",2-3 hours,2,4,2,8
78,2022-04-19 08:27:00,22,Female,Relationship,University Student,University,Yes,"Facebook, YouTube",1-2 hours,2,4,4,10
79,2022-04-19 08:36:00,32,Female,Married,Salaried Worker,Company,Yes,Reddit,1-2 hours,1,2,1,4
80,2022-04-19 08:38:00,22,Male,Single,University Student,University,Yes,"Facebook, YouTube",2-3 hours,3,2,2,7
81,2022-04-19 09:17:00,20,Female,Relationship,University Student,University,Yes,"Facebook, Instagram, YouTube, Snapchat, Pinterest",2-3 hours,5,5,4,14
82,2022-04-19 09:18:00,22,Male,Relationship,University Student,University,Yes,"Facebook, Instagram, YouTube, Snapchat",2-3 hours,4,4,3,11
83,2022-04-19 09:53:00,28,Female,Single,University Student,University,Yes,"Facebook, YouTube",3-4 hours,4,5,2,11
84,2022-04-19 09:57:00,22,Female,Single,University Student,University,Yes,"Facebook, Twitter, Instagram, YouTube, Snapchat",5+ hours,4,2,1,7
85,2022-04-19 10:24:00,17,Others,Single,School Student,School,Yes,"Twitter, Instagram, YouTube, Snapchat, Discord, Reddit, TikTok",4-5 hours,3,3,5,11
86,2022-04-19 10:25:00,30,Female,Single,Salaried Worker,University,Yes,Instagram,4-5 hours,4,4,4,12
87,2022-04-19 10:59:00,22,Male,Single,University Student,University,Yes,"Facebook, Instagram, YouTube, Snapchat, Discord",5+ hours,3,1,5,9
88,2022-04-19 13:52:00,14,Male,Single,School Student,School,Yes,"Instagram, YouTube, Discord",4-5 hours,1,3,5,9
89,2022-04-19 14:21:00,22,Female,Single,School Student,University,Yes,"Facebook, Instagram, YouTube, Pinterest",5+ hours,5,5,3,13
90,2022-04-19 14:45:00,16,Male,Single,School Student,School,Yes,"Facebook, Instagram, YouTube, Snapchat, Discord, TikTok",4-5 hours,2,1,3,6
91,2022-04-19 16:36:00,22,Female,Relationship,University Student,"University, Company",Yes,"Facebook, Twitter, Instagram, YouTube",2-3 hours,3,2,3,8
92,2022-04-19 19:13:00,22,Male,Relationship,University Student,University,Yes,"Facebook, Twitter, Instagram, YouTube, Snapchat, Discord, Reddit, Pinterest",1-2 hours,5,3,5,13
93,2022-04-19 19:30:00,22,Male,Single,University Student,University,Yes,Instagram,3-4 hours,4,3,3,10
94,2022-04-19 19:31:00,22,Male,Single,University Student,University,Yes,"Facebook, Twitter, Instagram, YouTube, Snapchat, Pinterest",1-2 hours,3,5,5,13
95,2022-04-19 19:39:00,21,Female,Single,University Student,University,Yes,"Facebook, Instagram, YouTube, Snapchat, Pinterest",4-5 hours,1,3,3,7
96,2022-04-19 19:40:00,23,Female,Single,University Student,University,Yes,"Facebook, YouTube",4-5 hours,2,4,5,11
97,2022-04-19 20:10:00,23,Female,Single,University Student,University,Yes,"Facebook, Instagram, TikTok",2-3 hours,3,4,5,12
98,2022-04-19 20:13:00,48,Female,Married,Salaried Worker,School,Yes,"Facebook, YouTube",1-2 hours,1,1,1,3
99,2022-04-19 20:20:00,47,Female,Married,Salaried Worker,Goverment,Yes,"Facebook, Instagram, YouTube, Pinterest",2-3 hours,3,3,3,9
100,2022-04-19 20:24:00,48,Male,Married,Salaried Worker,Private,Yes,"Facebook, Instagram, YouTube",2-3 hours,2,3,3,8
101,2022-04-19 20:31:00,26,Female,Single,Salaried Worker,Private,Yes,"Facebook, Instagram, YouTube, Pinterest",5+ hours,4,2,3,9
102,2022-04-19 20:39:00,47,Male,Married,Salaried Worker,Company,Yes,"Facebook, YouTube",2-3 hours,2,2,4,8
103,2022-04-19 20:42:00,47,Male,Married,Salaried Worker,"University, Private",Yes,"Facebook, Instagram, Snapchat",1-2 hours,2,3,4,9
104,2022-04-19 20:45:00,27,Female,Single,Salaried Worker,School,Yes,"Facebook, Instagram, YouTube, Snapchat",5+ hours,4,4,1,9
105,2022-04-19 20:52:00,34,Female,Married,Salaried Worker,School,Yes,Facebook,5+ hours,2,5,4,11
106,2022-04-19 21:02:00,20,Female,Single,University Student,University,Yes,"Facebook, Instagram",2-3 hours,3,3,5,11
107,2022-04-19 21:07:00,22,Female,Single,University Student,University,Yes,Facebook,5+ hours,3,3,4,10
108,2022-04-19 21:10:00,23,Female,Relationship,University Student,University,Yes,"Facebook, Instagram, YouTube, Snapchat, Discord, TikTok",5+ hours,5,4,5,14
109,2022-04-19 21:10:00,20,Male,Single,University Student,University,Yes,"Facebook, Instagram, YouTube",4-5 hours,4,4,5,13
110,2022-04-19 21:12:00,48,Female,Married,Salaried Worker,Private,Yes,"Facebook, Instagram",0-1 hour,1,1,1,3
111,2022-04-19 21:12:00,20,Female,Single,University Student,University,Yes,"Facebook, Instagram, YouTube, TikTok",3-4 hours,3,3,3,9
112,2022-04-19 21:15:00,20,Female,Single,University Student,University,Yes,"Facebook, YouTube, Snapchat, Pinterest",4-5 hours,5,4,3,12
113,2022-04-19 21:15:00,22,Female,Single,University Student,University,Yes,"Facebook, Instagram, YouTube, Snapchat",5+ hours,4,2,2,8
114,2022-04-19 21:26:00,22,Female,Single,University Student,"University, N/A",Yes,Instagram,5+ hours,1,4,1,6
115,2022-04-19 21:27:00,20,Female,Single,University Student,Goverment,Yes,"Facebook, Instagram, YouTube, Snapchat",5+ hours,4,5,3,12
116,2022-04-19 21:32:00,24,Male,Single,University Student,University,Yes,"Facebook, Twitter, Instagram, YouTube, Snapchat, Discord",2-3 hours,4,4,4,12
117,2022-04-19 21:38:00,23,Female,Single,University Student,University,Yes,"Facebook, Instagram, YouTube, Snapchat, Pinterest, TikTok",5+ hours,4,2,5,11
118,2022-04-19 21:48:00,16,Male,Single,School Student,School,Yes,"Instagram, YouTube, Snapchat, Pinterest",2-3 hours,3,3,2,8
119,2022-04-19 21:50:00,50,Female,Single,Salaried Worker,School,Yes,"Facebook, Instagram, YouTube, Discord, Pinterest",2-3 hours,1,1,4,6
120,2022-04-19 21:51:00,47,Male,Married,Salaried Worker,Private,Yes,"Facebook, YouTube",1-2 hours,3,2,2,7
121,2022-04-19 21:55:00,24,Male,Single,Salaried Worker,Private,Yes,"Facebook, Twitter, Instagram, YouTube",2-3 hours,3,1,4,8
122,2022-04-19 21:57:00,38,Female,Married,Salaried Worker,School,Yes,Facebook,0-1 hour,2,1,1,4
123,2022-04-19 22:04:00,50,Male,Divorced,Salaried Worker,Private,No,"Instagram, YouTube",1-2 hours,2,2,1,5
124,2022-04-19 22:09:00,49,Male,Married,Retired,Private,Yes,"Facebook, Twitter, Instagram, YouTube, Pinterest",4-5 hours,4,4,5,13
125,2022-04-19 22:19:00,47,Female,Married,Salaried Worker,Goverment,Yes,"Facebook, YouTube, Pinterest",2-3 hours,1,1,4,6
126,2022-04-19 22:22:00,48,Female,Married,Salaried Worker,"Company, Private",Yes,"Facebook, Twitter, Instagram, YouTube, Pinterest",2-3 hours,1,1,1,3
127,2022-04-19 22:23:00,51,Male,Married,Salaried Worker,Private,Yes,"Facebook, Twitter, Instagram, YouTube, Snapchat, Pinterest",1-2 hours,3,3,3,9
128,2022-04-19 22:31:00,50,Male,Married,Salaried Worker,Company,Yes,"Facebook, Twitter, Instagram, YouTube",3-4 hours,4,4,2,10
129,2022-04-19 22:39:00,47,Female,Married,Salaried Worker,Private,Yes,"Facebook, Twitter, Instagram, YouTube, Pinterest",3-4 hours,1,2,1,4
130,2022-04-19 22:42:00,27,Female,Married,Salaried Worker,Private,Yes,"Facebook, Instagram, YouTube",4-5 hours,3,5,4,12
131,2022-04-19 22:44:00,40,Female,Single,Salaried Worker,Private,Yes,"Facebook, Twitter, Instagram, YouTube",1-2 hours,4,3,1,8
132,2022-04-19 22:45:00,46,Male,Divorced,Salaried Worker,Private,Yes,"Facebook, Twitter, Instagram, YouTube, Snapchat",0-1 hour,2,2,2,6
133,2022-04-19 22:49:00,21,Female,Single,University Student,"University, Private",Yes,"Facebook, Instagram, YouTube, Snapchat, Discord",4-5 hours,5,5,5,15
134,2022-04-19 22:50:00,47,Female,Married,Salaried Worker,Private,Yes,Facebook,1-2 hours,3,3,3,9
135,2022-04-19 23:13:00,20,Female,Relationship,University Student,University,Yes,"Facebook, Twitter, Instagram, YouTube, Snapchat, Discord, Pinterest",5+ hours,4,3,4,11
136,2022-04-19 23:23:00,47,Female,Married,Salaried Worker,University,Yes,"Facebook, Twitter, Instagram, YouTube",1-2 hours,2,3,2,7
137,2022-04-19 23:28:00,48,Male,Married,Salaried Worker,Private,Yes,"Facebook, Instagram, YouTube",3-4 hours,2,3,2,7
138,2022-04-19 23:28:00,49,Male,Married,Salaried Worker,Company,Yes,"Facebook, YouTube",4-5 hours,2,2,4,8
139,2022-04-19 23:38:00,21,Male,Relationship,University Student,"University, Private",Yes,"Facebook, YouTube, Discord",3-4 hours,2,2,2,6
140,2022-04-19 23:43:00,32,Female,Married,Salaried Worker,School,Yes,"Facebook, Instagram, YouTube, Discord, Pinterest",4-5 hours,1,2,5,8
141,2022-04-19 23:51:00,47,Female,Married,Salaried Worker,University,Yes,"Twitter, Instagram, YouTube",2-3 hours,2,2,3,7
142,2022-04-19 23:53:00,50,Male,Married,Salaried Worker,Private,Yes,"Facebook, Twitter, YouTube",1-2 hours,3,2,2,7
143,2022-04-20 00:00:00,48,Male,Divorced,Salaried Worker,Private,Yes,"Facebook, Twitter, Instagram, YouTube",0-1 hour,4,2,5,11
144,2022-04-20 00:07:00,21,Female,Relationship,University Student,"University, Company, Private",Yes,"Facebook, Instagram, YouTube, Pinterest",3-4 hours,3,5,4,12
145,2022-04-20 00:24:00,47,Male,Married,Salaried Worker,Company,Yes,Twitter,0-1 hour,2,4,4,10
146,2022-04-20 00:25:00,36,Female,Married,Salaried Worker,School,Yes,YouTube,2-3 hours,1,1,4,6
147,2022-04-20 00:50:00,37,Female,Married,Retired,Private,Yes,"Facebook, Instagram, YouTube",1-2 hours,4,2,4,10
148,2022-04-20 01:10:00,19,Female,Relationship,School Student,School,Yes,Facebook,4-5 hours,4,5,5,14
149,2022-04-20 01:48:00,30,Male,Relationship,Salaried Worker,Company,Yes,"Facebook, Instagram, YouTube",1-2 hours,2,2,5,9
150,2022-04-20 02:03:00,48,Male,Married,Salaried Worker,Private,Yes,"Facebook, Twitter, Instagram, YouTube, Snapchat, Discord, Reddit, Pinterest, TikTok",0-1 hour,1,5,2,8
151,2022-04-20 03:54:00,48,Male,Married,Salaried Worker,Company,Yes,"Twitter, YouTube",3-4 hours,3,3,4,10
152,2022-04-20 04:20:00,47,Male,Married,Salaried Worker,"University, Company",Yes,"Twitter, Instagram, YouTube, Reddit, TikTok",2-3 hours,3,2,4,9
153,2022-04-20 04:42:00,47,Female,Married,Salaried Worker,Company,Yes,"Facebook, Twitter",0-1 hour,2,2,2,6
154,2022-04-20 06:15:00,21,Male,Single,University Student,"School, University, Private",Yes,"Facebook, Twitter, Instagram, YouTube, Pinterest",2-3 hours,2,1,4,7
155,2022-04-20 06:28:00,48,Male,Married,Salaried Worker,Private,Yes,"Twitter, YouTube",1-2 hours,1,2,2,5
156,2022-04-20 07:20:00,21,Male,Relationship,University Student,University,Yes,"Facebook, Twitter, Instagram, YouTube, Snapchat, Discord",0-1 hour,2,2,1,5
157,2022-04-20 07:35:00,20,Male,Single,University Student,University,Yes,"Twitter, Instagram, YouTube, Snapchat, Discord, Reddit, TikTok",5+ hours,3,3,4,10
158,2022-04-20 08:37:00,20,Female,Single,University Student,University,Yes,"Facebook, YouTube",3-4 hours,3,4,4,11
159,2022-04-20 10:51:00,20,Male,Single,University Student,University,Yes,"Facebook, Instagram, YouTube",1-2 hours,5,5,5,15
160,2022-04-20 11:43:00,20,Female,Relationship,University Student,University,Yes,"Instagram, YouTube, Pinterest",4-5 hours,4,4,5,13
161,2022-04-20 12:16:00,47,Male,Married,Salaried Worker,Company,Yes,"Twitter, Instagram, YouTube, Reddit, TikTok",2-3 hours,1,2,1,4
162,2022-04-20 13:24:00,35,Female,Divorced,Salaried Worker,School,Yes,"Facebook, YouTube",0-1 hour,1,1,1,3
163,2022-04-20 13:24:00,23,Female,Single,University Student,University,Yes,Pinterest,3-4 hours,4,3,5,12
164,2022-04-20 13:43:00,21,Female,Single,University Student,University,Yes,"Facebook, Twitter, Instagram, YouTube, Snapchat, Pinterest",4-5 hours,3,5,5,13
165,2022-04-20 14:41:00,21,Female,Relationship,University Student,University,Yes,"Facebook, Instagram, YouTube, Pinterest",2-3 hours,4,2,1,7
166,2022-04-20 16:11:00,37,Female,Married,Salaried Worker,University,Yes,"Facebook, YouTube",1-2 hours,4,4,5,13
167,2022-04-20 16:37:00,48,Male,Married,Salaried Worker,Company,Yes,"Facebook, Twitter, Instagram, YouTube",1-2 hours,3,3,4,10
168,2022-04-20 16:44:00,47,Male,Married,Salaried Worker,Goverment,Yes,"Facebook, YouTube, TikTok",0-1 hour,1,2,3,6
169,2022-04-20 17:44:00,25,Female,Married,Salaried Worker,Company,Yes,"Facebook, Twitter, Instagram, YouTube, Reddit, Pinterest, TikTok",4-5 hours,5,3,2,10
170,2022-04-20 18:14:00,22,Female,Relationship,University Student,University,Yes,"Facebook, Twitter, Instagram, YouTube, Snapchat, Discord, Pinterest, TikTok",5+ hours,3,4,4,11
171,2022-04-20 19:24:00,45,Male,Married,Salaried Worker,Private,Yes,"Facebook, YouTube",2-3 hours,2,2,2,6
172,2022-04-20 19:28:00,47,Male,Married,Salaried Worker,"Company, Private",Yes,"Instagram, YouTube",1-2 hours,3,2,1,6
173,2022-04-20 21:11:00,47,Female,Single,Salaried Worker,Company,Yes,"Facebook, Twitter, Instagram, YouTube, Pinterest",4-5 hours,3,3,1,7
174,2022-04-20 21:18:00,24,Female,Married,University Student,Private,Yes,"Facebook, Instagram, Pinterest",5+ hours,4,3,4,11
175,2022-04-20 22:01:00,21,Female,Relationship,University Student,University,Yes,Instagram,2-3 hours,2,5,5,12
176,2022-04-20 22:07:00,22,Female,Single,University Student,University,Yes,"Facebook, YouTube, Discord, Reddit, Pinterest",2-3 hours,4,2,1,7
177,2022-04-20 22:17:00,19,Female,Single,School Student,School,Yes,"Facebook, Instagram, YouTube, Snapchat, Discord, Pinterest, TikTok",2-3 hours,4,3,1,8
178,2022-04-20 22:37:00,21,Female,Relationship,University Student,University,Yes,"Facebook, Instagram, YouTube, Snapchat",4-5 hours,4,4,4,12
179,2022-04-20 22:50:00,22,Female,Relationship,University Student,University,Yes,"Facebook, Instagram, YouTube, Snapchat",5+ hours,5,3,4,12
180,2022-04-20 23:07:00,42,Female,Married,Salaried Worker,School,Yes,"Facebook, Instagram, YouTube, Discord, Pinterest",2-3 hours,1,3,1,5
181,2022-04-20 23:15:00,35,Female,Married,Salaried Worker,School,Yes,Facebook,2-3 hours,3,2,2,7
182,2022-04-20 23:32:00,38,Male,Married,Salaried Worker,University,Yes,"Facebook, Twitter, YouTube, Discord, Reddit",4-5 hours,2,2,2,6
183,2022-04-20 23:45:00,17,Male,Single,School Student,School,Yes,"Facebook, Instagram, YouTube",0-1 hour,1,1,2,4
184,2022-04-20 23:51:00,32,Male,Married,Salaried Worker,"Company, Private",Yes,"Facebook, YouTube, Discord, Reddit",1-2 hours,1,2,1,4
185,2022-04-21 00:36:00,21,Female,Single,University Student,University,Yes,"Facebook, Twitter, Instagram, YouTube, Snapchat, Discord",1-2 hours,2,3,2,7
186,2022-04-21 00:49:00,22,Male,Relationship,University Student,"University, Private",Yes,"Facebook, Instagram, YouTube, Snapchat, Discord, Reddit",3-4 hours,3,2,5,10
187,2022-04-21 00:59:00,27,Female,Married,University Student,University,Yes,"Facebook, Instagram, YouTube",5+ hours,3,3,4,10
188,2022-04-21 01:33:00,21,Male,Relationship,University Student,University,Yes,"Facebook, Instagram, YouTube, Discord, Reddit, TikTok",3-4 hours,3,5,3,11
189,2022-04-21 01:39:00,27,Male,Married,Salaried Worker,"University, Company",Yes,"Facebook, Discord, Reddit",5+ hours,5,5,5,15
190,2022-04-21 01:44:00,20,Male,Single,School Student,School,Yes,"Instagram, Discord, Reddit, Pinterest, TikTok",2-3 hours,2,1,4,7
191,2022-04-21 02:29:00,27,Female,Married,Salaried Worker,Private,Yes,"Facebook, Instagram, YouTube",3-4 hours,1,3,2,6
192,2022-04-21 03:27:00,24,Male,Single,University Student,"University, Company",Yes,"Facebook, Instagram, YouTube, Discord",3-4 hours,5,5,4,14
193,2022-04-21 04:54:00,26,Female,Single,Salaried Worker,Private,Yes,"Facebook, Instagram, YouTube, Snapchat, Pinterest",2-3 hours,1,1,1,3
194,2022-04-21 07:09:00,20,Female,Single,University Student,University,Yes,"Twitter, Instagram, YouTube, Snapchat, Discord, Reddit, Pinterest, TikTok",3-4 hours,4,3,4,11
195,2022-04-21 10:12:00,31,Male,Single,Salaried Worker,School,Yes,"Facebook, Instagram, YouTube, Discord",2-3 hours,3,3,2,8
196,2022-04-21 10:40:00,21,Male,Single,University Student,University,Yes,"YouTube, Discord, Reddit",5+ hours,1,1,1,3
197,2022-04-21 13:23:00,34,Male,Married,Salaried Worker,Private,Yes,"Facebook, YouTube, TikTok",5+ hours,5,5,5,15
198,2022-04-21 13:36:00,22,Male,Single,University Student,University,Yes,"Facebook, YouTube, Snapchat",0-1 hour,1,1,1,3
199,2022-04-21 15:26:00,23,Male,Relationship,University Student,"University, Company",Yes,"Facebook, Twitter, Instagram, YouTube, Discord, Reddit",4-5 hours,3,2,1,6
200,2022-04-21 15:57:00,48,Male,Married,Salaried Worker,Private,Yes,"Facebook, YouTube",0-1 hour,1,1,1,3
201,2022-04-21 17:47:00,37,Male,Married,Salaried Worker,Private,Yes,"Facebook, YouTube",1-2 hours,2,3,2,7
202,2022-04-21 19:19:00,22,Male,Single,University Student,University,Yes,"Facebook, Instagram, YouTube, Snapchat",1-2 hours,5,4,4,13
203,2022-04-21 20:26:00,21,Female,Relationship,University Student,University,Yes,"Facebook, Twitter, Instagram, YouTube, Snapchat",5+ hours,3,4,4,11
204,2022-04-21 20:31:00,23,Female,Single,University Student,"University, Goverment",Yes,"Facebook, Twitter, Instagram, YouTube, Snapchat, Discord, Pinterest",2-3 hours,2,4,1,7
205,2022-04-21 20:47:00,21,Female,Single,University Student,University,Yes,"Facebook, YouTube",1-2 hours,3,4,3,10
206,2022-04-21 22:29:00,22,Female,Single,University Student,University,Yes,"Facebook, Twitter, Instagram, YouTube, Snapchat, Discord, Pinterest",3-4 hours,3,3,3,9
207,2022-04-21 23:02:00,22,Female,Relationship,University Student,University,Yes,Facebook,5+ hours,4,4,3,11
208,2022-04-21 23:02:00,22,Female,Relationship,University Student,University,Yes,"Facebook, Instagram, YouTube, Snapchat, TikTok",5+ hours,2,4,3,9
209,2022-04-21 23:11:00,19,Female,Single,University Student,University,Yes,"Facebook, Instagram, YouTube, Snapchat, Discord, Pinterest",3-4 hours,4,4,3,11
210,2022-04-22 00:24:00,23,Female,Single,University Student,University,Yes,"Facebook, Instagram, YouTube",2-3 hours,2,2,5,9
211,2022-04-22 02:35:00,46,Male,Married,Salaried Worker,"Company, Private",Yes,"Facebook, YouTube",0-1 hour,1,3,4,8
212,2022-04-22 08:35:00,21,Male,Relationship,University Student,University,Yes,"Facebook, Instagram, YouTube",5+ hours,4,4,5,13
213,2022-04-22 11:56:00,24,Female,Relationship,University Student,University,Yes,"Facebook, Instagram, YouTube, Discord",5+ hours,4,1,1,6
214,2022-04-22 13:31:00,20,Female,Single,University Student,University,Yes,"Facebook, Instagram, YouTube",0-1 hour,1,3,1,5
215,2022-04-22 22:00:00,25,Male,Single,University Student,University,Yes,YouTube,1-2 hours,5,2,5,12
216,2022-04-22 22:26:00,21,Female,Single,University Student,"University, Company, Goverment",Yes,"Facebook, YouTube, Discord, Pinterest",3-4 hours,1,1,1,3
217,2022-04-24 05:23:00,23,Male,Relationship,University Student,University,Yes,"Facebook, Twitter, Instagram, YouTube, Discord, Reddit, TikTok",5+ hours,4,4,3,11
218,2022-04-26 03:01:00,22,Female,Relationship,Salaried Worker,Company,Yes,"Instagram, YouTube, Discord, Reddit, TikTok",5+ hours,4,5,1,10
219,2022-04-26 21:59:00,36,Male,Married,Salaried Worker,University,Yes,"Facebook, Instagram, YouTube, Pinterest",0-1 hour,2,1,1,4
220,2022-04-26 22:13:00,22,Female,Single,University Student,University,Yes,"Facebook, Instagram, YouTube, Snapchat, Pinterest, TikTok",2-3 hours,5,3,5,13
221,2022-04-26 23:15:00,25,Female,Single,Salaried Worker,University,Yes,"Facebook, Instagram, YouTube",4-5 hours,4,5,5,14
222,2022-04-26 23:32:00,22,Female,Single,University Student,University,Yes,"Facebook, Twitter, Instagram, YouTube, Snapchat, TikTok",4-5 hours,4,4,2,10
223,2022-04-26 23:56:00,23,Male,Single,University Student,"University, N/A",Yes,"Facebook, Instagram, YouTube, Snapchat, Discord, TikTok",3-4 hours,2,3,4,9
224,2022-04-27 02:12:00,23,Male,Single,University Student,University,Yes,"Facebook, Instagram",0-1 hour,3,2,5,10
225,2022-05-11 19:06:00,19,Female,Single,School Student,University,Yes,"Facebook, Instagram, YouTube, Discord",3-4 hours,3,5,5,13
226,2022-05-11 19:07:00,21,Female,Single,University Student,"School, University, Private",Yes,"Facebook, Instagram, YouTube, Snapchat, Discord, Reddit",1-2 hours,3,2,3,8
227,2022-05-11 19:09:00,27,Female,Relationship,Salaried Worker,Private,Yes,"Facebook, Instagram, YouTube, Snapchat",4-5 hours,4,4,2,10
228,2022-05-11 19:16:00,25,Female,Single,University Student,University,Yes,"Facebook, YouTube, Discord",5+ hours,4,2,1,7
229,2022-05-11 19:19:00,20,Female,Single,University Student,University,Yes,"Facebook, Instagram, YouTube, Snapchat",2-3 hours,2,2,3,7
230,2022-05-11 19:27:00,34,Female,Married,Salaried Worker,School,Yes,Facebook,1-2 hours,1,2,1,4
231,2022-05-11 19:30:00,23,Female,Single,University Student,University,Yes,"Facebook, Instagram, YouTube, Snapchat, Discord, Pinterest",5+ hours,4,5,4,13
232,2022-05-11 19:31:00,34,Female,Married,Salaried Worker,School,Yes,Facebook,1-2 hours,1,1,1,3
233,2022-05-11 19:45:00,25,Male,Single,University Student,University,Yes,"Facebook, Twitter, Instagram, YouTube, Snapchat, Discord, Pinterest, TikTok",4-5 hours,5,1,5,11
234,2022-05-11 19:47:00,22,Female,Married,University Student,University,Yes,"Facebook, Instagram, YouTube, Pinterest",2-3 hours,2,3,3,8
235,2022-05-11 19:47:00,20,Male,Single,University Student,University,Yes,"Facebook, Twitter, Instagram, YouTube, Snapchat, Discord, Reddit",0-1 hour,2,4,2,8
236,2022-05-11 19:47:00,23,Female,Single,University Student,University,Yes,"Facebook, Instagram, YouTube, Snapchat",5+ hours,3,4,5,12
237,2022-05-11 19:48:00,91,Female,Single,University Student,University,Yes,"Facebook, Instagram, YouTube, Snapchat, Discord",2-3 hours,5,5,5,15
238,2022-05-11 19:51:00,22,Female,Single,University Student,University,Yes,"Facebook, Instagram, YouTube, Snapchat, Discord",4-5 hours,1,2,3,6
239,2022-05-11 19:51:00,23,Female,Single,University Student,"University, N/A",Yes,"Facebook, Instagram, YouTube, TikTok",5+ hours,4,3,2,9
240,2022-05-11 19:58:00,21,Female,Relationship,University Student,"University, Company",Yes,"Facebook, Instagram, Discord",2-3 hours,3,1,4,8
241,2022-05-11 20:13:00,21,Female,Relationship,University Student,University,Yes,"Facebook, Instagram, YouTube, Snapchat, Discord, TikTok",2-3 hours,5,5,4,14
242,2022-05-11 20:15:00,22,Female,Single,University Student,University,Yes,"Facebook, Instagram, YouTube",1-2 hours,3,2,2,7
243,2022-05-11 20:15:00,22,Male,Single,University Student,University,Yes,"Facebook, Twitter, Instagram, YouTube, Discord, Reddit, Pinterest, TikTok",5+ hours,3,4,3,10
244,2022-05-11 20:17:00,22,Female,Single,University Student,University,Yes,"Facebook, Instagram, YouTube, Snapchat",5+ hours,2,3,2,7
245,2022-05-11 20:18:00,20,Female,Single,University Student,University,Yes,"Facebook, Instagram, YouTube, Discord",3-4 hours,3,3,2,8
246,2022-05-11 20:19:00,26,Female,Relationship,Salaried Worker,Private,Yes,"Facebook, Twitter, Instagram, YouTube",5+ hours,2,2,4,8
247,2022-05-11 20:34:00,21,Male,Single,University Student,University,Yes,YouTube,2-3 hours,4,2,4,10
248,2022-05-11 20:35:00,20,Female,Single,University Student,"University, Private",Yes,"Facebook, Instagram, YouTube, Snapchat, Pinterest, TikTok",5+ hours,3,4,5,12
249,2022-05-11 20:36:00,21,Female,Relationship,University Student,"School, University, Private",Yes,"Facebook, Twitter, YouTube, Discord, Pinterest",5+ hours,3,3,2,8
250,2022-05-11 20:39:00,19,Female,Single,School Student,School,Yes,"Facebook, Twitter, Instagram, YouTube, Snapchat, Discord, Reddit, Pinterest, TikTok",5+ hours,2,1,5,8
251,2022-05-11 20:41:00,20,Female,Single,University Student,University,Yes,"Facebook, Instagram, YouTube, Snapchat, Discord, Pinterest, TikTok",5+ hours,5,5,5,15
252,2022-05-11 20:45:00,22,Female,Single,University Student,"University, Private",Yes,"Facebook, Twitter, Instagram, YouTube, Snapchat, Discord, Reddit, Pinterest, TikTok",3-4 hours,3,3,4,10
253,2022-05-11 20:50:00,23,Male,Single,University Student,"School, University",Yes,"YouTube, Discord, Reddit",1-2 hours,5,1,5,11
254,2022-05-11 20:51:00,21,Male,Single,University Student,University,Yes,"Facebook, Twitter, Instagram, YouTube, Discord, Reddit",2-3 hours,3,4,3,10
255,2022-05-11 20:57:00,21,Female,Relationship,University Student,"School, University",Yes,"Facebook, Instagram, YouTube, Snapchat, Discord, Pinterest, TikTok",3-4 hours,5,5,5,15
256,2022-05-11 20:58:00,22,Male,Relationship,University Student,University,Yes,"Facebook, Instagram, YouTube, Snapchat, Discord",4-5 hours,5,5,5,15
257,2022-05-11 21:02:00,26,Male,Single,Salaried Worker,Company,Yes,"Facebook, Instagram, YouTube, Discord",5+ hours,5,5,5,15
258,2022-05-11 21:06:00,22,Female,Relationship,University Student,University,Yes,"Facebook, Instagram, YouTube, Discord",2-3 hours,5,2,2,9
259,2022-05-11 21:08:00,17,Male,Single,School Student,School,Yes,Discord,2-3 hours,5,3,4,12
260,2022-05-11 21:14:00,23,Male,Single,University Student,"University, Private",Yes,"Facebook, Instagram, YouTube, Discord, Pinterest, TikTok",5+ hours,3,4,5,12
261,2022-05-11 21:14:00,21,Male,Single,School Student,"School, Company",Yes,"Facebook, Instagram, YouTube, Discord, Reddit, Pinterest",3-4 hours,4,3,3,10
262,2022-05-11 21:16:00,22,Female,Single,University Student,University,Yes,"Facebook, Instagram, YouTube, Snapchat",5+ hours,2,1,2,5
263,2022-05-11 21:19:00,20,Male,Single,University Student,University,Yes,"Facebook, Twitter, Instagram, YouTube, Snapchat, Discord, TikTok",5+ hours,5,4,5,14
264,2022-05-11 21:20:00,24,Female,Single,University Student,University,Yes,"Facebook, Twitter, Instagram, YouTube",4-5 hours,4,4,4,12
265,2022-05-11 21:20:00,22,Female,Single,University Student,Private,Yes,"Facebook, Instagram, YouTube, Snapchat",3-4 hours,3,4,4,11
266,2022-05-11 21:22:00,24,Male,Single,University Student,University,Yes,"Facebook, Twitter, Instagram, YouTube, Discord",3-4 hours,2,3,2,7
267,2022-05-11 21:22:00,22,Female,Single,University Student,University,Yes,"Facebook, Instagram, YouTube, Snapchat, Pinterest",5+ hours,5,4,4,13
268,2022-05-11 21:24:00,26,Male,Relationship,University Student,"University, Private",Yes,"Facebook, Twitter, Instagram, YouTube, Snapchat, Discord, Pinterest",4-5 hours,4,2,2,8
269,2022-05-11 21:25:00,24,Female,Relationship,Salaried Worker,Private,Yes,"Facebook, Instagram, YouTube, Discord, Pinterest",3-4 hours,3,2,4,9
270,2022-05-11 21:29:00,22,Female,Single,University Student,University,Yes,"Facebook, YouTube",2-3 hours,3,4,4,11
271,2022-05-11 21:30:00,25,Female,Relationship,University Student,University,Yes,"Facebook, Instagram, YouTube, Snapchat, Discord",3-4 hours,4,2,3,9
272,2022-05-11 21:32:00,21,Female,Single,University Student,University,Yes,"Facebook, Instagram, YouTube, Snapchat, Discord, Reddit, Pinterest, TikTok",4-5 hours,4,5,4,13
273,2022-05-11 21:34:00,20,Female,Relationship,University Student,University,Yes,"Facebook, Instagram, YouTube, Snapchat, TikTok",2-3 hours,5,5,5,15
274,2022-05-11 21:35:00,22,Female,Single,University Student,University,Yes,"Facebook, Instagram, YouTube",1-2 hours,1,1,1,3
275,2022-05-11 21:35:00,25,Female,Relationship,Salaried Worker,Company,Yes,"Facebook, Twitter, Instagram, YouTube, Snapchat, Pinterest",2-3 hours,2,1,1,4
276,2022-05-11 21:36:00,17,Male,Single,School Student,School,Yes,"Facebook, Discord",4-5 hours,4,2,2,8
277,2022-05-11 21:38:00,22,Female,Single,University Student,University,Yes,"Facebook, Twitter, Instagram, YouTube",2-3 hours,4,3,5,12
278,2022-05-11 21:45:00,26,Male,Single,University Student,University,Yes,"Facebook, Twitter, Instagram, YouTube, Reddit",1-2 hours,3,3,2,8
279,2022-05-11 21:46:00,22,Female,Single,University Student,"University, Goverment",Yes,Facebook,2-3 hours,5,3,3,11
280,2022-05-11 21:46:00,23,Male,Relationship,University Student,"University, Company, Private",Yes,"Facebook, Instagram, YouTube, Snapchat, Pinterest",2-3 hours,5,1,4,10
281,2022-05-11 21:47:00,25,Male,Single,Salaried Worker,"Company, Private",Yes,"Facebook, Instagram, YouTube, Snapchat",2-3 hours,5,5,5,15
282,2022-05-11 21:55:00,21,Male,Single,School Student,"University, Company",Yes,"Instagram, YouTube, Snapchat, Discord, Reddit",2-3 hours,4,5,2,11
283,2022-05-11 21:56:00,30,Female,Single,Salaried Worker,Private,Yes,"Facebook, TikTok",2-3 hours,4,4,5,13
284,2022-05-11 21:56:00,23,Female,Single,University Student,University,Yes,"Facebook, Instagram, YouTube",3-4 hours,3,3,2,8
285,2022-05-11 21:56:00,22,Male,Relationship,Salaried Worker,"University, Company",Yes,"Facebook, Twitter, Instagram, YouTube, Snapchat, Discord, Reddit, TikTok",4-5 hours,3,4,2,9
286,2022-05-11 21:59:00,21,Female,Relationship,University Student,University,Yes,"Facebook, Instagram, YouTube",4-5 hours,5,4,3,12
287,2022-05-11 22:01:00,20,Female,Relationship,University Student,University,Yes,"Facebook, YouTube",3-4 hours,1,4,1,6
288,2022-05-11 22:03:00,18,Female,Single,University Student,University,Yes,"Facebook, Instagram, YouTube, Snapchat, Discord, Pinterest",5+ hours,2,3,4,9
289,2022-05-11 22:05:00,20,Female,Single,University Student,University,Yes,"Twitter, Instagram, YouTube",3-4 hours,2,3,1,6
290,2022-05-11 22:06:00,15,Female,Single,School Student,School,Yes,"Instagram, YouTube, Discord, Pinterest",3-4 hours,5,4,5,14
291,2022-05-11 22:07:00,22,Male,Single,University Student,University,Yes,"Facebook, Twitter, Instagram, YouTube, Snapchat, Discord, Reddit, Pinterest",5+ hours,3,4,5,12
292,2022-05-11 22:08:00,17,Female,Single,School Student,School,Yes,"Facebook, Instagram, YouTube, Snapchat, Pinterest, TikTok",5+ hours,2,4,2,8
293,2022-05-11 22:10:00,21,Male,Single,University Student,University,Yes,"Facebook, Instagram",1-2 hours,5,5,5,15
294,2022-05-11 22:11:00,22,Female,Single,University Student,University,Yes,"Facebook, Twitter, Instagram, YouTube, Snapchat, TikTok",5+ hours,4,5,4,13
295,2022-05-11 22:11:00,23,Female,Married,University Student,University,Yes,Facebook,5+ hours,3,3,4,10
296,2022-05-11 22:11:00,24,Male,Single,University Student,University,Yes,"Facebook, Twitter, Instagram, YouTube, Snapchat, Discord, Reddit, Pinterest",3-4 hours,3,1,3,7
297,2022-05-11 22:14:00,21,Female,Relationship,University Student,"University, Private",Yes,"Facebook, Instagram, YouTube, Snapchat",5+ hours,5,5,4,14
298,2022-05-11 22:20:00,22,Female,Single,University Student,University,Yes,"Facebook, Instagram, YouTube, Snapchat, Pinterest, TikTok",5+ hours,5,5,5,15
299,2022-05-11 22:21:00,22,Female,Single,University Student,University,Yes,"Facebook, YouTube, Snapchat, Discord",5+ hours,5,5,5,15
300,2022-05-11 22:21:00,21,Female,Single,University Student,"University, Private",Yes,"Facebook, Twitter, Instagram, YouTube, Snapchat, TikTok",5+ hours,5,4,5,14
301,2022-05-11 22:21:00,21,Female,Single,University Student,University,Yes,"Facebook, Instagram, YouTube, Snapchat, Discord, Pinterest",5+ hours,4,2,4,10
302,2022-05-11 22:30:00,19,Male,Single,University Student,University,Yes,"Facebook, Twitter, Instagram, YouTube, Snapchat, Discord",0-1 hour,2,2,5,9
303,2022-05-11 22:32:00,22,Male,Single,University Student,"University, Company",Yes,"Facebook, Twitter, Instagram, YouTube, Snapchat, Discord, Reddit",5+ hours,5,1,5,11
304,2022-05-11 22:33:00,21,Others,Single,University Student,University,Yes,"Facebook, Instagram, YouTube, Snapchat, Reddit, Pinterest, TikTok",5+ hours,5,5,1,11
305,2022-05-11 22:34:00,22,Male,Single,University Student,University,Yes,"Facebook, Instagram, YouTube, Discord, Pinterest",2-3 hours,5,5,4,14
306,2022-05-11 22:36:00,21,Female,Single,University Student,"University, Company",Yes,"Facebook, Instagram, Snapchat, Pinterest, TikTok",2-3 hours,4,3,2,9
307,2022-05-11 22:38:00,23,Male,Married,University Student,University,Yes,"Facebook, Twitter, Instagram, YouTube, Snapchat, Discord, Reddit, Pinterest, TikTok",2-3 hours,4,4,4,12
308,2022-05-11 22:38:00,19,Male,Single,University Student,University,Yes,"Facebook, Twitter, Instagram, YouTube, Snapchat, Discord, Reddit, Pinterest, TikTok",3-4 hours,1,3,4,8
309,2022-05-11 22:41:00,26,Male,Single,Salaried Worker,"School, Company",Yes,"Facebook, Twitter, Instagram, YouTube, Snapchat, Discord, Reddit",2-3 hours,4,2,2,8
310,2022-05-11 22:44:00,27,Male,Single,Salaried Worker,Company,Yes,"Facebook, Twitter, Instagram, YouTube, Reddit, Pinterest",2-3 hours,3,2,3,8
311,2022-05-11 22:45:00,25,Female,Single,University Student,"University, Company, Private",Yes,"Facebook, Instagram, YouTube, Pinterest, TikTok",5+ hours,5,2,4,11
312,2022-05-11 22:46:00,20,Female,Single,University Student,University,Yes,"Facebook, Instagram, YouTube, Discord",4-5 hours,3,3,3,9
313,2022-05-11 22:50:00,20,Female,Single,University Student,University,Yes,"Facebook, Twitter, Instagram, YouTube, Snapchat",5+ hours,4,4,2,10
314,2022-05-11 22:52:00,22,Male,Single,University Student,University,Yes,"Facebook, Twitter, Instagram, YouTube, Snapchat, Discord, Reddit, Pinterest",3-4 hours,1,2,2,5
315,2022-05-11 22:54:00,18,Female,Single,School Student,Private,Yes,"Facebook, Instagram, YouTube",3-4 hours,4,5,5,14
316,2022-05-11 22:54:00,22,Male,Relationship,University Student,"University, Company",Yes,"Facebook, Instagram, YouTube, Snapchat, Discord, Reddit",2-3 hours,3,1,3,7
317,2022-05-11 22:55:00,20,Male,Single,Salaried Worker,Company,Yes,"Facebook, Twitter, Instagram, Snapchat, Reddit",1-2 hours,5,3,2,10
318,2022-05-11 22:57:00,24,Male,Single,Salaried Worker,Company,Yes,"YouTube, Discord",5+ hours,3,5,1,9
319,2022-05-11 23:02:00,21,Male,Single,University Student,University,Yes,"Facebook, Instagram, YouTube",4-5 hours,3,4,3,10
320,2022-05-11 23:11:00,29,Female,Single,Salaried Worker,Private,Yes,"Facebook, Instagram",3-4 hours,5,5,5,15
321,2022-05-11 23:12:00,21,Male,Single,University Student,"University, Company, Private",Yes,"Facebook, Instagram, YouTube, Snapchat, Discord, TikTok",1-2 hours,2,4,5,11
322,2022-05-11 23:16:00,19,Female,Single,University Student,"School, University, Private",Yes,"Facebook, Instagram, YouTube, Snapchat, Discord, Reddit, Pinterest, TikTok",5+ hours,5,5,5,15
323,2022-05-11 23:17:00,21,Female,Relationship,University Student,University,Yes,"Facebook, Instagram, YouTube, Snapchat, Discord",2-3 hours,5,4,2,11
324,2022-05-11 23:22:00,43,Male,Married,Salaried Worker,Goverment,Yes,"Facebook, YouTube",0-1 hour,1,1,1,3
325,2022-05-11 23:23:00,22,Female,Married,University Student,University,Yes,"Facebook, Twitter, Instagram, YouTube, Snapchat, Discord, Reddit, Pinterest, TikTok",4-5 hours,4,2,1,7
326,2022-05-11 23:27:00,24,Male,Relationship,University Student,"University, Company",Yes,"Facebook, Twitter, Instagram, YouTube, Snapchat, Discord, Reddit",4-5 hours,3,2,1,6
327,2022-05-11 23:33:00,18,Female,Single,School Student,School,Yes,"Facebook, YouTube",5+ hours,5,4,4,13
328,2022-05-11 23:34:00,19,Female,Single,University Student,University,Yes,"Facebook, Instagram, YouTube, Snapchat, Discord",3-4 hours,4,3,5,12
329,2022-05-11 23:35:00,37,Female,Relationship,Salaried Worker,Private,Yes,"Facebook, YouTube",1-2 hours,3,3,4,10
330,2022-05-11 23:37:00,24,Male,Single,University Student,University,Yes,"Facebook, Instagram, YouTube, Discord, Reddit",4-5 hours,3,4,5,12
331,2022-05-11 23:38:00,29,Female,Single,Salaried Worker,University,Yes,"Facebook, Twitter, Instagram, YouTube, Reddit, Pinterest",1-2 hours,5,2,4,11
332,2022-05-11 23:40:00,19,Male,Single,School Student,Private,Yes,"Facebook, Instagram, YouTube, Snapchat, Discord, Reddit, TikTok",4-5 hours,2,2,2,6
333,2022-05-11 23:41:00,35,Male,Married,Salaried Worker,Company,Yes,"Facebook, Instagram, YouTube, Discord",0-1 hour,3,2,5,10
334,2022-05-11 23:43:00,22,Female,Single,University Student,University,Yes,"Twitter, Discord, Reddit",2-3 hours,4,4,2,10
335,2022-05-11 23:54:00,23,Male,Single,University Student,"University, Company",Yes,"Facebook, Twitter, Instagram, YouTube, Snapchat, Discord, Pinterest",1-2 hours,3,2,3,8
336,2022-05-11 23:59:00,22,Female,Single,University Student,University,Yes,"Twitter, Instagram, TikTok",5+ hours,3,4,1,8
337,2022-05-12 00:07:00,25,Male,Single,Salaried Worker,Private,Yes,"Facebook, Instagram, YouTube, Snapchat, Discord",2-3 hours,4,3,5,12
338,2022-05-12 00:16:00,19,Male,Single,School Student,School,Yes,"Facebook, Instagram, YouTube, TikTok",4-5 hours,3,3,2,8
339,2022-05-12 00:22:00,29,Female,Married,Salaried Worker,Private,Yes,"Facebook, Instagram, YouTube, Pinterest",1-2 hours,2,2,4,8
340,2022-05-12 00:22:00,21,Female,Relationship,University Student,"University, Private",Yes,"Facebook, Twitter, Instagram, YouTube, Snapchat, Pinterest",4-5 hours,4,3,5,12
341,2022-05-12 00:26:00,21,Male,Relationship,University Student,University,Yes,"Facebook, Instagram, YouTube, Snapchat, Discord",4-5 hours,2,2,2,6
342,2022-05-12 00:30:00,23,Female,Single,University Student,"University, Company",Yes,"Facebook, Twitter, Instagram, YouTube, Snapchat, Discord, Reddit, Pinterest, TikTok",4-5 hours,5,2,5,12
343,2022-05-12 00:32:00,22,Female,Relationship,University Student,University,Yes,"Facebook, Instagram, YouTube",2-3 hours,4,4,4,12
344,2022-05-12 00:41:00,20,Male,Divorced,University Student,University,Yes,"Facebook, Instagram, YouTube, Snapchat, Discord",5+ hours,5,5,5,15
346,2022-05-12 00:52:00,27,Female,Single,Salaried Worker,Private,Yes,"Facebook, Instagram, Snapchat, Discord, Pinterest, TikTok",3-4 hours,5,3,4,12
347,2022-05-12 00:54:00,24,Male,Single,Salaried Worker,Company,Yes,"Facebook, Twitter, Instagram, YouTube, Snapchat, Discord, Reddit, Pinterest",5+ hours,2,1,5,8
348,2022-05-12 00:55:00,21,Female,Married,University Student,"University, Company",Yes,"Facebook, Instagram, YouTube, Snapchat",1-2 hours,4,5,5,14
349,2022-05-12 01:12:00,23,Female,Single,University Student,University,Yes,"YouTube, Pinterest",0-1 hour,3,4,3,10
350,2022-05-12 01:30:00,21,Female,Single,University Student,University,Yes,"Facebook, Twitter, Instagram, YouTube, Reddit, Pinterest",3-4 hours,3,3,5,11
351,2022-05-12 01:36:00,23,Female,Relationship,University Student,University,Yes,"Facebook, Twitter, Instagram, YouTube, Snapchat",2-3 hours,2,2,1,5
352,2022-05-12 02:05:00,24,Female,Relationship,University Student,University,Yes,"Facebook, Twitter, Instagram, YouTube, Snapchat, Discord, Pinterest, TikTok",4-5 hours,5,5,4,14
353,2022-05-12 02:06:00,21,Male,Single,University Student,University,Yes,"Facebook, Twitter, Instagram, YouTube, Snapchat, Discord, Reddit, Pinterest, TikTok",4-5 hours,5,2,4,11
354,2022-05-12 02:10:00,23,Male,Single,University Student,University,Yes,"Facebook, Twitter, Instagram, YouTube, Snapchat, Discord, Reddit",3-4 hours,5,2,2,9
355,2022-05-12 02:18:00,22,Female,Single,University Student,University,Yes,"Facebook, Instagram, YouTube, Snapchat",5+ hours,1,3,2,6
356,2022-05-12 02:30:00,29,Female,Single,University Student,University,Yes,"Facebook, Instagram, YouTube, Snapchat, Pinterest, TikTok",5+ hours,5,5,5,15
357,2022-05-12 03:02:00,20,Male,Single,University Student,"School, University",Yes,"Instagram, YouTube, Discord, Reddit, Pinterest",3-4 hours,5,5,1,11
358,2022-05-12 03:24:00,26,Female,Single,University Student,University,Yes,"Facebook, YouTube",5+ hours,4,5,5,14
359,2022-05-12 03:24:00,24,Male,Single,Salaried Worker,Company,Yes,"Facebook, Twitter, Instagram, YouTube, Snapchat, Discord, Reddit, Pinterest, TikTok",1-2 hours,5,3,3,11
360,2022-05-12 03:26:00,26,Male,Relationship,University Student,University,Yes,"Facebook, Instagram, YouTube, Snapchat",3-4 hours,3,4,3,10
361,2022-05-12 03:37:00,22,Male,Single,University Student,"University, Company",Yes,"Facebook, YouTube, Discord",2-3 hours,2,2,4,8
362,2022-05-12 03:47:00,23,Male,Single,University Student,"University, Private",Yes,"Facebook, Instagram, YouTube, Snapchat, Discord, Pinterest, TikTok",4-5 hours,3,3,4,10
363,2022-05-12 03:57:00,19,Male,Single,School Student,School,Yes,"Facebook, Instagram, YouTube, Snapchat, Discord, Reddit, Pinterest",4-5 hours,2,4,4,10
364,2022-05-12 04:35:00,21,Female,Single,University Student,University,Yes,"Twitter, Instagram, YouTube, TikTok",2-3 hours,4,4,2,10
365,2022-05-12 04:46:00,20,Female,Single,University Student,University,Yes,"Facebook, Instagram, YouTube, Snapchat, Discord, Reddit, Pinterest, TikTok",4-5 hours,4,4,5,13
366,2022-05-12 05:24:00,22,Male,Single,University Student,University,Yes,"Facebook, Instagram, YouTube, Snapchat, Discord",5+ hours,3,3,4,10
367,2022-05-12 08:09:00,22,Male,Single,University Student,University,Yes,"Facebook, Twitter, Instagram, YouTube, Discord, Pinterest",5+ hours,5,3,3,11
368,2022-05-12 08:41:00,23,Male,Single,University Student,University,Yes,"Facebook, Twitter, Instagram, YouTube, Snapchat, Discord, Reddit",5+ hours,5,5,5,15
369,2022-05-12 09:25:00,22,Female,Single,University Student,University,Yes,"Facebook, Instagram, YouTube, Snapchat, Discord",5+ hours,5,4,1,10
370,2022-05-12 10:10:00,20,Female,Relationship,School Student,"Company, Private",Yes,"Facebook, Twitter, Instagram, YouTube, Snapchat, Discord, Pinterest, TikTok",5+ hours,2,2,2,6
371,2022-05-12 10:57:00,27,Female,Married,Salaried Worker,Private,Yes,"Facebook, Instagram, YouTube, Pinterest",1-2 hours,2,2,1,5
372,2022-05-12 11:06:00,22,Female,Single,University Student,University,Yes,"Facebook, Instagram, YouTube, Snapchat",5+ hours,5,4,3,12
373,2022-05-12 11:06:00,21,Female,Single,University Student,University,Yes,Facebook,5+ hours,5,5,5,15
374,2022-05-12 13:15:00,21,Female,Single,University Student,University,Yes,"Facebook, Twitter, Instagram, YouTube, Snapchat, Pinterest",2-3 hours,1,4,4,9
375,2022-05-12 17:12:00,19,Male,Single,University Student,University,Yes,"Facebook, Twitter, Instagram, YouTube",3-4 hours,4,4,3,11
376,2022-05-12 18:11:00,52,Male,Married,Salaried Worker,Private,Yes,"Facebook, YouTube",1-2 hours,3,2,4,9
377,2022-05-12 18:16:00,26,Male,Single,University Student,University,Yes,"Facebook, Instagram, YouTube, Reddit, Pinterest, TikTok",5+ hours,3,4,5,12
378,2022-05-12 18:33:00,44,Male,Married,Salaried Worker,Private,Yes,Facebook,0-1 hour,1,1,1,3
379,2022-05-12 18:36:00,44,Male,Married,Salaried Worker,Private,Yes,Facebook,0-1 hour,1,1,1,3
380,2022-05-12 18:58:00,19,Female,Single,University Student,University,Yes,"Facebook, YouTube, Discord, Pinterest",3-4 hours,5,4,5,14
381,2022-05-12 19:12:00,35,Male,Single,Salaried Worker,Private,Yes,"Facebook, Snapchat, Reddit",3-4 hours,5,5,5,15
382,2022-05-12 19:12:00,21,Female,Relationship,University Student,University,Yes,"Facebook, Instagram, Snapchat",5+ hours,4,3,3,10
383,2022-05-12 19:12:00,20,Female,Single,University Student,University,Yes,"Facebook, Instagram, TikTok",4-5 hours,4,5,1,10
384,2022-05-12 19:15:00,24,Female,Relationship,University Student,Private,Yes,"Facebook, Twitter, Instagram, YouTube, Reddit",5+ hours,4,2,5,11
385,2022-05-12 19:23:00,21,Female,Single,University Student,"School, University",Yes,"Facebook, Instagram, YouTube, Reddit, Pinterest",3-4 hours,3,3,1,7
386,2022-05-12 19:40:00,24,Male,Single,University Student,University,Yes,"Facebook, Instagram, YouTube, Discord, Reddit",5+ hours,3,3,3,9
387,2022-05-12 19:41:00,21,Female,Relationship,University Student,University,Yes,"Facebook, Instagram, YouTube, Snapchat",3-4 hours,5,4,5,14
388,2022-05-12 19:47:00,17,Male,Single,School Student,School,Yes,"Facebook, Instagram, YouTube, Discord",5+ hours,5,4,5,14
389,2022-05-12 19:51:00,26,Female,Relationship,University Student,University,Yes,Facebook,4-5 hours,4,3,4,11
390,2022-05-12 20:08:00,18,Male,Single,School Student,School,Yes,"Facebook, Twitter, Instagram, YouTube, Snapchat, Discord, TikTok",3-4 hours,5,3,5,13
391,2022-05-12 20:13:00,18,Female,Single,School Student,"School, N/A",Yes,"Facebook, Instagram, YouTube, Discord",3-4 hours,2,2,2,6
392,2022-05-12 20:17:00,18,Female,Relationship,School Student,School,Yes,"Facebook, Instagram, YouTube, Snapchat, Reddit, Pinterest, TikTok",3-4 hours,3,5,5,13
393,2022-05-12 21:00:00,23,Male,Single,University Student,University,Yes,"Facebook, Instagram, YouTube, Snapchat, Discord",3-4 hours,4,3,3,10
394,2022-05-12 21:06:00,20,Male,Single,University Student,University,Yes,"Facebook, Instagram, YouTube, Snapchat, Discord",1-2 hours,3,2,1,6
395,2022-05-12 21:10:00,23,Male,Single,University Student,University,Yes,"Facebook, Instagram, YouTube, Snapchat, Discord",5+ hours,3,3,5,11
396,2022-05-12 21:13:00,25,Male,Relationship,University Student,University,Yes,"Facebook, Twitter, Instagram, YouTube, Discord, Reddit, Pinterest",0-1 hour,2,2,4,8
397,2022-05-12 21:25:00,26,Male,Single,Salaried Worker,Private,Yes,"Facebook, Instagram, YouTube, Reddit",2-3 hours,5,5,4,14
398,2022-05-12 21:31:00,20,Male,Relationship,University Student,"School, University",Yes,"Facebook, Twitter, Instagram, YouTube, Snapchat, Discord, TikTok",5+ hours,4,4,5,13
399,2022-05-12 21:33:00,19,Male,Relationship,School Student,School,Yes,"Facebook, Instagram, YouTube, Snapchat, Discord, Reddit, Pinterest",1-2 hours,1,4,3,8
400,2022-05-12 21:53:00,24,Female,Married,University Student,University,Yes,"Facebook, Instagram, YouTube, Snapchat",3-4 hours,3,3,3,9
401,2022-05-12 23:01:00,29,Female,Married,Salaried Worker,Company,Yes,"Facebook, Instagram, YouTube, Pinterest",5+ hours,4,4,3,11
402,2022-05-12 23:56:00,21,Female,Single,University Student,University,Yes,"Facebook, Twitter, Instagram, YouTube, Snapchat, Discord, TikTok",3-4 hours,5,4,4,13
403,2022-05-13 00:15:00,23,Male,Single,University Student,University,Yes,"Facebook, Instagram, YouTube, Snapchat, Discord, Reddit, Pinterest",5+ hours,5,5,5,15
404,2022-05-13 00:21:00,21,Male,Single,University Student,University,Yes,"Facebook, Instagram, YouTube, Snapchat, Discord, Reddit, Pinterest",5+ hours,5,3,5,13
405,2022-05-13 00:27:00,20,Female,Single,University Student,University,Yes,"Facebook, Instagram, YouTube, Discord",5+ hours,5,5,5,15
406,2022-05-13 01:06:00,21,Male,Single,University Student,University,Yes,"Facebook, Twitter, Instagram, YouTube, Snapchat, Discord, Reddit",4-5 hours,5,5,5,15
407,2022-05-13 01:16:00,22,Female,Single,University Student,University,Yes,YouTube,4-5 hours,4,3,5,12
408,2022-05-13 01:20:00,22,Female,Single,University Student,University,Yes,"Facebook, Instagram",2-3 hours,3,3,5,11
409,2022-05-13 01:25:00,22,Female,Relationship,University Student,University,Yes,"Facebook, Instagram, Snapchat",5+ hours,3,3,4,10
410,2022-05-13 01:27:00,27,Female,Relationship,Salaried Worker,Private,Yes,"Facebook, Instagram, YouTube, Reddit, TikTok",4-5 hours,2,1,2,5
411,2022-05-13 01:30:00,21,Male,Single,University Student,University,Yes,"Facebook, Instagram, YouTube",5+ hours,2,2,5,9
412,2022-05-13 01:46:00,23,Male,Relationship,University Student,University,Yes,"Facebook, Instagram, YouTube, Snapchat, Discord, Reddit, TikTok",4-5 hours,4,3,4,11
413,2022-05-13 01:50:00,22,Male,Relationship,University Student,University,Yes,"Facebook, Instagram, YouTube, Discord",3-4 hours,2,3,4,9
414,2022-05-13 03:51:00,21,Female,Relationship,University Student,"University, Private",Yes,YouTube,3-4 hours,1,3,2,6
415,2022-05-13 04:00:00,23,Male,Single,University Student,"University, Company",Yes,"Facebook, YouTube, Discord, Reddit",2-3 hours,3,2,2,7
416,2022-05-13 10:05:00,21,Female,Single,University Student,University,Yes,"Facebook, Twitter, Instagram, YouTube, Pinterest",5+ hours,4,4,3,11
417,2022-05-13 11:00:00,20,Male,Single,University Student,"University, Private",Yes,"Facebook, Instagram, YouTube",4-5 hours,3,4,3,10
418,2022-05-13 11:12:00,23,Male,Single,University Student,University,Yes,"Facebook, Instagram, YouTube, Discord, Reddit, Pinterest",1-2 hours,3,2,4,9
419,2022-05-13 13:43:00,22,Female,Relationship,University Student,University,Yes,"Facebook, Instagram, YouTube, Snapchat, Pinterest, TikTok",3-4 hours,5,4,5,14
420,2022-05-13 14:28:00,20,Female,Relationship,University Student,University,Yes,"Facebook, Instagram, YouTube, Snapchat",5+ hours,5,5,3,13
421,2022-05-13 16:26:00,21,Male,Single,University Student,University,Yes,"Facebook, Instagram, YouTube, Snapchat, Discord",3-4 hours,4,4,5,13
422,2022-05-13 16:32:00,25,Female,Single,University Student,University,Yes,"Facebook, Twitter, Instagram, YouTube, Pinterest",2-3 hours,2,4,5,11
423,2022-05-13 17:13:00,21,Female,Single,University Student,University,Yes,"Facebook, Instagram, Discord",3-4 hours,2,2,2,6
424,2022-05-13 17:32:00,28,Female,Single,University Student,University,Yes,"Facebook, Instagram, YouTube, Discord, Reddit",4-5 hours,4,1,5,10
425,2022-05-13 19:02:00,22,Female,Single,Salaried Worker,Private,Yes,"Facebook, Instagram, YouTube, Snapchat, Discord, Reddit, Pinterest, TikTok",3-4 hours,3,4,3,10
426,2022-05-13 20:50:00,49,Male,Married,Salaried Worker,School,Yes,"Facebook, YouTube, Pinterest",0-1 hour,3,2,2,7
427,2022-05-13 21:40:00,34,Female,Married,Salaried Worker,Private,Yes,"Facebook, Instagram, YouTube",0-1 hour,1,2,1,4
428,2022-05-13 22:43:00,56,Male,Married,Salaried Worker,Company,Yes,"Facebook, Twitter, YouTube, Pinterest",2-3 hours,1,1,2,4
429,2022-05-13 23:36:00,51,Male,Married,Salaried Worker,Private,Yes,"Facebook, Twitter, Instagram, YouTube",1-2 hours,2,2,4,8
430,2022-05-14 00:01:00,23,Female,Single,School Student,University,Yes,Facebook,2-3 hours,4,2,2,8
431,2022-05-14 02:16:00,21,Female,Single,University Student,University,Yes,"Facebook, YouTube, Discord",4-5 hours,2,2,3,7
432,2022-05-14 07:11:00,50,Male,Married,University Student,Private,Yes,"Facebook, Instagram",1-2 hours,1,1,1,3
433,2022-05-14 07:23:00,22,Female,Single,University Student,University,Yes,"Twitter, Instagram, YouTube",3-4 hours,3,5,2,10
434,2022-05-14 11:26:00,28,Female,Married,Salaried Worker,Private,Yes,"Facebook, Instagram, YouTube, Pinterest",2-3 hours,5,5,2,12
435,2022-05-14 11:44:00,13,Male,Single,School Student,School,Yes,"Instagram, YouTube, Discord",4-5 hours,3,3,4,10
436,2022-05-14 11:46:00,14,Male,Single,School Student,School,Yes,"Instagram, Discord",2-3 hours,2,3,1,6
437,2022-05-14 12:12:00,13,Male,Single,School Student,School,Yes,"Twitter, Instagram, YouTube, Discord, Pinterest",5+ hours,2,3,2,7
438,2022-05-14 13:40:00,23,Male,Relationship,School Student,"University, Private",Yes,"Facebook, Instagram, YouTube, Discord",4-5 hours,3,2,3,8
439,2022-05-14 16:16:00,18,Male,Single,University Student,University,Yes,"Discord, Reddit",1-2 hours,1,2,4,7
440,2022-05-14 17:33:00,18,Male,Single,School Student,"School, N/A",Yes,Pinterest,5+ hours,5,2,1,8
441,2022-05-14 17:33:00,15,Male,Single,School Student,School,Yes,"Instagram, YouTube, Discord, Reddit",4-5 hours,1,1,1,3
442,2022-05-15 02:48:00,20,Female,Single,University Student,Company,Yes,"Instagram, YouTube, Snapchat, Discord, Reddit, Pinterest, TikTok",1-2 hours,5,4,5,14
443,2022-05-16 20:20:00,20,Female,Single,University Student,University,Yes,"Facebook, Instagram, YouTube",5+ hours,4,3,4,11
444,2022-05-17 17:12:00,35,Female,Married,Salaried Worker,Company,Yes,"Facebook, Instagram, YouTube",1-2 hours,2,4,4,10
445,2022-05-21 22:19:00,30,Female,Married,Salaried Worker,University,Yes,"Facebook, Instagram, YouTube",4-5 hours,4,2,1,7
446,2022-05-21 22:33:00,32,Female,Married,Salaried Worker,Private,Yes,"Facebook, Instagram",3-4 hours,5,5,4,14
447,2022-05-21 23:38:00,24,Male,Single,Salaried Worker,"University, Private",Yes,"Facebook, Instagram, YouTube",2-3 hours,3,4,4,11
448,2022-05-22 00:01:00,26,Female,Married,Salaried Worker,University,Yes,"Facebook, YouTube",1-2 hours,4,4,1,9
449,2022-05-22 10:29:00,29,Female,Married,Salaried Worker,University,Yes,"Facebook, YouTube",2-3 hours,2,2,2,6
450,2022-07-14 19:33:00,21,Male,Single,University Student,University,Yes,"Facebook, Twitter, Instagram, YouTube, Discord, Pinterest",2-3 hours,4,5,4,13
451,2022-11-12 13:16:00,53,Male,Married,Salaried Worker,Private,Yes,"Facebook, YouTube",0-1 hour,2,2,3,7
